id,labels,nombre,nacionalidad,fechaNacimiento,premios,activo,popularidad,papeles
act_0001,Actor,Tatiana Boyega,Belga,1969-03-12,2,False,4.67,Cameo|Invitado|Protagonista
act_0002,Actor,Adam Luna,Guatemalteca,2002-05-27,22,True,8.71,Cameo|Invitado|Protagonista
act_0003,Actor,Bill Watts,Uruguaya,1987-08-05,17,True,5.39,Cameo|Invitado
act_0004,Actor,Cillian Boyega,Holandesa,1986-04-10,23,True,8.56,Recurrente
act_0005,Actor,Viola Murphy,Sueca,2000-08-19,21,True,1.76,Antagonista|Cameo
act_0006,Actor,Florence Almodóvar,Alemana,1968-12-27,14,True,4.04,Secundario|Cameo
act_0007,Actor|Director,Penelope Luna,Estadounidense,1998-05-24,1,True,3.02,Invitado
act_0008,Actor|Director,Aaron Souza,Chilena,1967-11-20,0,True,3.15,Invitado|Protagonista
act_0009,Actor,Yvonne Hall,Brasileña,1983-02-04,5,True,8.0,Secundario
act_0010,Actor|Director,Emilia Wu,Francesa,2001-08-28,21,False,4.57,Antagonista|Protagonista|Invitado
act_0011,Actor,Emilia Chan,Uruguaya,2003-11-13,25,True,8.17,Protagonista|Secundario|Cameo
act_0012,Actor|Director,Pedro Elba,Danesa,1980-08-12,0,False,8.4,Cameo
act_0013,Actor,Sigourney Stiller,China,1963-09-23,13,True,7.6,Secundario|Recurrente|Cameo
act_0014,Actor,Joaquin Smith,Sueca,1974-01-29,10,True,8.48,Secundario
act_0015,Actor,Oscar Bailey,Sueca,2004-10-03,21,False,4.03,Secundario|Antagonista
act_0016,Actor,Tessa Hall,Brasileña,1980-07-14,8,True,6.0,Antagonista|Protagonista|Invitado
act_0017,Actor,Yalitza Einbinder,Venezolana,1971-07-24,22,False,6.81,Cameo|Protagonista
act_0018,Actor,Anna McGregor,Belga,1971-10-30,9,True,5.26,Secundario|Cameo|Invitado
act_0019,Actor,Bill Chan,Francesa,1972-07-21,7,True,7.49,Protagonista|Recurrente
act_0020,Actor|Director,Alfonso Zhao,Argentina,1993-06-10,8,True,9.82,Secundario
act_0021,Actor|Director,Tatiana Weaver,Estadounidense,1997-12-02,4,True,1.41,Recurrente
act_0022,Actor,Ewan Chan,Danesa,1994-01-15,3,True,6.17,Cameo|Invitado
act_0023,Actor,Hugh Pugh,Brasileña,1992-11-10,3,True,4.61,Recurrente
act_0024,Actor|Director,Stephanie Yeun,Mexicana,2000-06-30,9,True,9.95,Recurrente
act_0025,Actor,Alfonso Tennant,Cubana,2005-06-25,7,False,5.05,Secundario|Recurrente
act_0026,Actor,Olivia Glover,Británica,2004-09-10,23,True,9.53,Invitado
act_0027,Actor,Rebecca Bardem,Española,1971-07-09,5,True,2.41,Cameo|Recurrente
act_0028,Actor|Director,Brie McGregor,Francesa,1975-05-14,22,False,1.64,Secundario
act_0029,Actor,Kate Banderas,Holandesa,1967-10-01,13,True,5.9,Antagonista|Secundario|Invitado
act_0030,Actor|Director,Anne Bonham Carter,Francesa,2003-05-21,23,True,4.95,Invitado|Secundario
act_0031,Actor,Gemma B. Jordan,Surafricana,1998-06-12,15,False,1.72,Cameo
act_0032,Actor,Demián Garfield,Estadounidense,1958-03-12,7,True,10.0,Secundario|Recurrente|Protagonista
act_0033,Actor|Director,Alfonso Souza,Surafricana,1989-09-03,8,True,9.97,Invitado|Cameo
act_0034,Actor,Anna Larson,Alemana,1978-10-21,21,True,8.72,Cameo|Invitado
act_0035,Actor,Nicole Strong,Peruana,1999-05-09,1,False,1.79,Secundario|Protagonista
act_0036,Actor,Salma B. Jordan,Peruana,1950-02-07,21,False,4.72,Recurrente
act_0037,Actor,Sigourney Yeoh,Danesa,1989-08-28,24,True,2.83,Antagonista|Secundario|Cameo
act_0038,Actor|Director,Gemma Thompson,Danesa,2004-08-16,25,True,7.39,Recurrente|Protagonista
act_0039,Actor|Director,Tracee Einbinder,Peruana,1960-03-06,14,True,6.83,Cameo
act_0040,Actor,Tenoch McGregor,Brasileña,1987-04-11,15,False,3.19,Antagonista|Cameo|Invitado
act_0041,Actor,Henry Hopkins,Mexicana,1956-04-06,8,False,4.06,Secundario|Protagonista|Invitado
act_0042,Actor,Yalitza Watts,Sueca,1993-12-05,4,False,5.85,Secundario|Recurrente
act_0043,Actor,Alfonso K. Brown,Alemana,1966-12-04,22,True,6.15,Cameo
act_0044,Actor,Aaron Beetz,Belga,1984-03-15,12,True,5.46,Antagonista
act_0045,Actor,Letitia Lin,Australiana,1989-07-02,3,False,1.14,Cameo
act_0046,Actor|Director,Daniel Plaza,Cubana,1973-10-11,10,False,6.85,Invitado|Recurrente
act_0047,Actor,Lashana Beetz,Guatemalteca,1993-10-11,17,True,6.56,Invitado
act_0048,Actor,Steven Kidman,Colombiana,1958-02-09,13,True,7.84,Protagonista|Cameo|Antagonista
act_0049,Actor,Chloé Watts,Británica,1979-02-07,25,True,3.64,Cameo|Antagonista
act_0050,Actor,Jonathan Ali,Holandesa,1966-02-26,5,True,1.71,Recurrente|Antagonista
act_0051,Actor|Director,Chris Wu,China,1972-10-14,14,True,7.0,Secundario|Recurrente
act_0052,Actor,Jason Hathaway,Italiana,2002-09-18,9,False,7.21,Secundario|Antagonista
act_0053,Actor,John Vergara,Chilena,1984-03-19,18,True,6.17,Secundario|Protagonista|Cameo
act_0054,Actor,Tom Ramsey,Holandesa,1954-05-27,19,False,8.5,Antagonista|Recurrente
act_0055,Actor,Penélope Hader,Argentina,2005-09-14,8,True,6.65,Invitado|Protagonista|Secundario
act_0056,Actor|Director,Kate Ronan,Italiana,1961-10-16,2,True,3.94,Antagonista|Invitado
act_0057,Actor,Bryan del Castillo,Italiana,1997-08-16,16,True,8.47,Cameo|Secundario
act_0058,Actor,Tessa Grant,China,1956-10-03,4,True,8.74,Invitado|Cameo|Secundario
act_0059,Actor,Anna Banderas,Brasileña,1998-02-20,3,False,4.32,Invitado|Secundario|Cameo
act_0060,Actor,Gael Stiller,Australiana,1970-12-23,15,True,6.58,Secundario|Recurrente|Antagonista
act_0061,Actor,Halle Ruffalo,China,1977-02-10,20,False,2.05,Protagonista
act_0062,Actor|Director,Naomi Hemsworth,Chilena,1998-03-24,4,False,5.08,Invitado|Recurrente|Cameo
act_0063,Actor,Awkwafina Thompson,Guatemalteca,1987-03-22,20,True,8.5,Cameo|Secundario|Protagonista
act_0064,Actor,Chloé Elba,China,1971-03-08,11,True,9.83,Recurrente|Secundario
act_0065,Actor,Helena King,Australiana,1990-10-18,2,True,6.78,Protagonista|Invitado|Secundario
act_0066,Actor,Jonathan Cranston,Argentina,1956-02-27,24,True,6.28,Secundario
act_0067,Actor,Eugenio Carell,Noruega,1950-04-03,8,True,9.89,Secundario|Antagonista|Protagonista
act_0068,Actor|Director,Pedro Carbonell,Estadounidense,1982-02-20,25,True,6.3,Antagonista
act_0069,Actor|Director,Javier Almodóvar,Japonesa,1997-03-13,3,True,5.29,Recurrente|Invitado
act_0070,Actor,Emilia Isaac,Noruega,1953-11-21,23,True,5.12,Protagonista
act_0071,Actor,Robert Moura,Holandesa,1959-09-08,15,False,1.66,Secundario
act_0072,Actor|Director,Ke Carell,Brasileña,2002-07-08,17,True,4.43,Recurrente|Secundario|Cameo
act_0073,Actor,Letitia Huy Quan,Cubana,1960-04-07,20,True,4.87,Cameo
act_0074,Actor,Hugh García Bernal,Japonesa,1958-07-13,10,False,3.81,Secundario|Antagonista
act_0075,Actor|Director,Steven Larson,Peruana,1957-08-29,2,False,1.87,Secundario|Antagonista|Protagonista
act_0076,Actor,Awkwafina Rae,Holandesa,1960-12-19,13,True,8.86,Invitado|Protagonista
act_0077,Actor,Nicole Driver,Australiana,2001-11-06,16,True,2.39,Antagonista|Protagonista
act_0078,Actor,Jodie Moura,Australiana,1974-12-29,18,True,8.26,Recurrente|Invitado|Protagonista
act_0079,Actor,Ke Strong,Brasileña,1952-08-06,5,True,7.32,Secundario|Invitado
act_0080,Actor,Pedro Pugh,Sueca,1985-12-15,2,True,7.67,Protagonista
act_0081,Actor,Tessa Ali,Japonesa,1990-09-13,10,True,4.33,Secundario|Recurrente|Protagonista
act_0082,Actor|Director,Pedro Plaza,Noruega,1954-06-19,21,True,3.45,Cameo|Invitado|Recurrente
act_0083,Actor,David Fisher,Surafricana,1960-03-18,11,False,2.0,Invitado|Recurrente|Cameo
act_0084,Actor,Mahershala Renner,Chilena,1985-06-17,19,True,1.07,Antagonista|Invitado
act_0085,Actor,Alfonso Cruz,Australiana,1950-09-11,15,False,2.58,Recurrente|Antagonista
act_0086,Actor,Letitia Rae,Cubana,1981-10-10,2,False,8.76,Cameo
act_0087,Actor,Daniel Robbie,Uruguaya,1978-02-01,18,False,6.16,Invitado|Cameo|Secundario
act_0088,Actor|Director,Peter B. Jordan,Alemana,1965-06-02,25,False,8.49,Protagonista|Cameo
act_0089,Actor,Wagner Clarke,Sueca,1985-12-04,16,True,4.56,Invitado|Secundario
act_0090,Actor,Walton Waller-Bridge,Canadiense,1995-10-19,20,True,5.78,Secundario
act_0091,Actor,Jodie Ojeda,Danesa,1963-04-02,7,True,2.32,Antagonista
act_0092,Actor,Ke Plaza,Danesa,1956-10-05,5,False,5.18,Recurrente|Cameo|Secundario
act_0093,Actor|Director,Stephanie Beetz,Canadiense,1992-01-26,14,True,8.17,Protagonista|Secundario|Invitado
act_0094,Actor,Donald Phoenix,Británica,1983-01-30,9,True,6.8,Recurrente
act_0095,Actor,Henry Wright,Sueca,1999-09-24,25,True,5.05,Invitado|Antagonista|Secundario
act_0096,Actor,Ke Larson,Británica,1990-06-02,3,True,9.84,Recurrente
act_0097,Actor|Director,Halle Cavill,Belga,1989-04-10,14,True,4.28,Cameo|Invitado
act_0098,Actor,Eugenio Grant,Británica,1980-01-09,2,True,1.85,Cameo|Secundario|Recurrente
act_0099,Actor,Yalitza Vergara,Noruega,1963-06-29,10,True,6.24,Secundario
act_0100,Actor,Donald Kaluuya,Coreana,1961-07-27,19,True,3.79,Invitado|Secundario
act_0101,Actor,Alfonso Cranston,Peruana,1997-03-23,2,False,5.58,Secundario
act_0102,Actor,Donald Pugh,Alemana,1993-08-17,6,True,10.0,Protagonista
act_0103,Actor,Ewan Moura,Surafricana,1998-06-05,23,True,6.96,Antagonista|Recurrente|Cameo
act_0104,Actor|Director,Aubrey Bateman,Belga,1964-11-07,23,False,1.39,Invitado|Antagonista
act_0105,Actor,Saoirse Lee Curtis,Colombiana,1990-04-11,7,True,3.79,Antagonista|Secundario
act_0106,Actor,Hailee Kravitz,China,1975-04-13,24,False,5.53,Antagonista|Invitado
act_0107,Actor|Director,Penélope Huy Quan,Brasileña,1954-09-06,20,False,8.87,Protagonista|Recurrente|Invitado
act_0108,Actor,Nicole Cranston,Brasileña,1990-04-24,16,True,8.48,Antagonista
act_0109,Actor,Alfonso Isaac,Estadounidense,1987-03-23,1,False,5.52,Cameo
act_0110,Actor,Bryan Elba,Alemana,1958-11-21,22,True,8.12,Protagonista
act_0111,Actor,Nicole Luna,Peruana,1962-06-14,24,False,5.04,Protagonista
act_0112,Actor,Daniel Cruz,Mexicana,1999-03-28,23,False,2.0,Antagonista|Secundario
act_0113,Actor,Sandra Almodóvar,Danesa,2005-11-16,14,True,2.0,Recurrente|Invitado
act_0114,Actor,Daniel Hsu,Chilena,1962-11-18,9,False,1.01,Antagonista|Recurrente
act_0115,Actor,David Pugh,Canadiense,1996-12-18,11,True,9.58,Recurrente|Invitado|Protagonista
act_0116,Actor|Director,John Larson,Coreana,1983-06-29,8,True,4.21,Secundario
act_0117,Actor,Patricia Ojeda,Australiana,2002-03-16,23,True,2.2,Recurrente|Secundario
act_0118,Actor|Director,Alfonso Berry,Venezolana,1991-09-07,22,False,6.69,Protagonista
act_0119,Actor,Tenoch Derbez,Británica,1976-04-29,6,True,8.12,Secundario
act_0120,Actor,Donald Hopkins,Peruana,1998-09-20,15,True,1.33,Antagonista|Secundario|Recurrente
act_0121,Actor,Eugenio Almodóvar,Alemana,1974-07-06,3,True,4.93,Invitado|Cameo
act_0122,Actor,John Grant,India,1994-08-20,11,True,8.21,Cameo|Protagonista|Invitado
act_0123,Actor|Director,Ke García Bernal,Francesa,1978-10-26,3,True,3.95,Secundario|Cameo
act_0124,Actor,Ke Huerta,Belga,1989-10-28,11,False,1.38,Recurrente|Cameo
act_0125,Actor,Tom Stiller,Británica,1956-09-24,21,False,4.27,Invitado|Antagonista|Protagonista
act_0126,Actor,Steve Moura,Cubana,1989-04-24,1,True,1.61,Secundario|Invitado|Cameo
act_0127,Actor,Yvonne Ortega,Holandesa,1990-05-14,11,True,5.0,Recurrente
act_0128,Actor,Sarah Ali,Alemana,1975-01-02,7,True,1.23,Cameo
act_0129,Actor,Lupita Boyega,Australiana,1973-06-26,24,True,7.34,Recurrente
act_0130,Actor,Nicole Zhao,India,1967-12-17,3,True,8.68,Antagonista|Cameo
act_0131,Actor,Anna González,Uruguaya,1978-09-03,21,True,7.39,Recurrente|Secundario|Invitado
act_0132,Actor,Wagner Bateman,Belga,1965-08-14,25,True,5.58,Antagonista
act_0133,Actor,Antonio Snook,India,1952-05-11,11,True,5.21,Antagonista|Recurrente|Protagonista
act_0134,Actor,Mark Glover,Belga,1992-12-10,16,False,7.92,Protagonista|Antagonista|Secundario
act_0135,Actor,Halle Hathaway,Holandesa,1996-05-31,11,True,8.9,Invitado|Recurrente|Antagonista
act_0136,Actor,Salma Cranston,Uruguaya,1954-12-21,3,True,3.74,Secundario
act_0137,Actor,Diego Goggins,Surafricana,1975-06-26,2,True,2.77,Secundario|Antagonista|Invitado
act_0138,Actor|Director,Jamie Davis,Danesa,1965-02-16,18,True,2.54,Invitado|Recurrente|Secundario
act_0139,Actor|Director,Eva Orji,Uruguaya,1952-07-18,2,True,9.54,Secundario|Antagonista|Cameo
act_0140,Actor|Director,Michelle Stiller,Guatemalteca,1998-12-12,9,True,5.35,Cameo|Secundario|Invitado
act_0141,Actor|Director,Anne Zhao,China,1987-04-16,15,False,2.84,Antagonista|Secundario|Recurrente
act_0142,Actor,Roma Carbonell,Coreana,1961-09-24,24,True,5.63,Secundario
act_0143,Actor|Director,Patricia Phoenix,China,1972-03-29,4,True,1.46,Recurrente|Cameo
act_0144,Actor,Jonathan Carbonell,Peruana,1979-05-18,18,True,2.71,Cameo
act_0145,Actor,Anthony Phoenix,Francesa,1994-08-15,0,True,9.51,Cameo|Antagonista|Recurrente
act_0146,Actor|Director,Constance Hader,Francesa,1994-05-26,19,False,3.57,Protagonista
act_0147,Actor,Matt Snook,Colombiana,1982-10-25,24,False,4.29,Protagonista|Recurrente
act_0148,Actor,Issa Wright,Francesa,1956-08-06,12,False,7.88,Recurrente|Invitado
act_0149,Actor,Sandra Cranston,Coreana,1983-06-25,25,True,6.02,Antagonista|Invitado
act_0150,Actor,Ke Hopkins,Británica,1954-01-24,1,True,7.42,Recurrente|Cameo
act_0151,Actor,Aubrey Huy Quan,Mexicana,1979-06-04,19,True,2.46,Invitado|Secundario|Recurrente
act_0152,Actor,Letitia Luna,India,2000-07-02,9,False,8.34,Secundario|Protagonista
act_0153,Actor,David Wu,Guatemalteca,1952-05-23,19,False,3.39,Recurrente|Invitado|Antagonista
act_0154,Actor,Yalitza Almodóvar,Española,1997-01-12,20,False,2.33,Antagonista|Protagonista|Recurrente
act_0155,Actor,Jeffrey Kaluuya,Japonesa,1963-08-03,13,True,4.69,Cameo|Protagonista|Antagonista
act_0156,Actor,Lupita Driver,Holandesa,1992-12-01,16,False,3.82,Cameo
act_0157,Actor,Viola Grant,Holandesa,1973-09-19,19,False,2.73,Secundario
act_0158,Actor,Issa Watts,Francesa,1975-12-06,22,True,7.21,Secundario|Cameo
act_0159,Actor,Jodie Rae,Cubana,1974-07-14,9,True,6.16,Cameo|Invitado|Secundario
act_0160,Actor|Director,Salma Cruz,Británica,1975-10-22,22,True,4.12,Invitado|Secundario
act_0161,Actor,Tessa Pattinson,Peruana,1998-04-27,8,True,2.24,Invitado|Recurrente|Antagonista
act_0162,Actor,Jonathan Almodóvar,Surafricana,1970-03-31,20,True,1.47,Secundario|Cameo
act_0163,Actor,Kit Yeun,Estadounidense,1999-05-17,5,False,6.88,Cameo|Antagonista
act_0164,Actor,Karla Kidman,Danesa,1955-04-23,24,True,6.87,Recurrente
act_0165,Actor,Demián Aparicio,Británica,1965-09-15,13,True,9.41,Cameo
act_0166,Actor|Director,Kate Hemsworth,Colombiana,1975-12-21,1,True,3.69,Protagonista|Secundario|Recurrente
act_0167,Actor,Margot Berry,India,1962-01-15,16,False,3.46,Secundario
act_0168,Actor,Jason Ojeda,Brasileña,1966-09-15,0,True,8.12,Invitado|Antagonista|Recurrente
act_0169,Actor,Jamie Vergara,Coreana,1988-05-15,16,True,1.78,Protagonista|Antagonista|Recurrente
act_0170,Actor,Robert Garfield,Estadounidense,1973-05-25,12,True,5.02,Secundario|Invitado
act_0171,Actor,Constance Aparicio,Brasileña,1982-04-04,22,True,1.56,Cameo
act_0172,Actor,Donald Bateman,Surafricana,1977-11-25,22,True,6.75,Secundario|Recurrente
act_0173,Actor,Walton Goggins,India,1963-09-29,14,True,4.74,Cameo|Recurrente|Antagonista
act_0174,Actor,Alfonso Bailey,Noruega,1957-05-06,16,False,5.75,Protagonista|Recurrente
act_0175,Actor,Peter Bonham Carter,Guatemalteca,1995-05-08,6,True,2.48,Cameo|Protagonista|Antagonista
act_0176,Actor,Tenoch Wu,Guatemalteca,1995-10-15,14,True,5.08,Cameo|Invitado|Protagonista
act_0177,Actor,Issa Phoenix,Francesa,1951-12-15,12,True,8.35,Antagonista|Recurrente|Protagonista
act_0178,Actor,Aaron Colman,Canadiense,1998-07-20,1,True,9.88,Protagonista|Secundario
act_0179,Actor,Hannah Pugh,Venezolana,1987-09-18,11,False,5.04,Cameo|Protagonista
act_0180,Actor,Steven Strong,Mexicana,1981-03-14,3,True,9.94,Recurrente|Antagonista
act_0181,Actor,Roma Goggins,Venezolana,1952-01-15,9,False,7.06,Cameo|Recurrente|Invitado
act_0182,Actor,Gael Maslany,Italiana,1963-12-02,8,True,9.44,Protagonista|Invitado|Cameo
act_0183,Actor,Jamie Hayek,Guatemalteca,1951-05-28,7,True,1.61,Protagonista|Cameo|Invitado
act_0184,Actor|Director,Jonathan Bichir,China,1971-01-09,17,True,7.79,Antagonista
act_0185,Actor,Letitia McGregor,Colombiana,2001-09-07,10,True,3.13,Invitado
act_0186,Actor,Lupita Goggins,Brasileña,1955-06-21,17,True,6.63,Recurrente|Cameo
act_0187,Actor,Pedro Comer,Holandesa,1984-03-12,25,True,7.27,Antagonista|Secundario
act_0188,Actor,Lashana Pugh,India,1971-08-15,7,True,8.72,Cameo
act_0189,Actor,Helena Rae,Japonesa,1999-12-31,16,True,4.5,Antagonista|Secundario
act_0190,Actor,Halle Cranston,Uruguaya,1983-04-17,2,True,1.46,Invitado|Recurrente
act_0191,Actor,Ke Paul,Argentina,2002-09-18,23,True,5.31,Secundario|Protagonista
act_0192,Actor,Rebecca Wright,Australiana,1992-12-19,7,True,4.57,Recurrente
act_0193,Actor,Andrew Derbez,China,1997-11-16,20,True,3.78,Recurrente|Cameo
act_0194,Actor,Joaquin Harington,Colombiana,1992-02-14,24,True,9.23,Secundario|Cameo
act_0195,Actor,Aaron Orji,Colombiana,1963-02-03,0,True,5.98,Recurrente|Cameo|Secundario
act_0196,Actor,Aubrey Moss,Coreana,2001-02-12,7,False,5.96,Secundario|Invitado|Cameo
act_0197,Actor,Yalitza Berry,China,1965-02-03,23,True,2.52,Recurrente|Cameo|Antagonista
act_0198,Actor,Sterling Berry,Surafricana,1953-01-13,2,True,7.88,Antagonista|Invitado
act_0199,Actor|Director,Mark Luna,Argentina,1995-05-16,14,True,1.54,Invitado|Recurrente|Cameo
act_0200,Actor|Director,Pedro Thompson,Irlandesa,1999-06-29,13,True,1.15,Secundario|Recurrente|Invitado
act_0201,Actor,Daniel Wright,Holandesa,1988-08-18,25,True,1.96,Recurrente
act_0202,Actor|Director,Aubrey Arquette,Surafricana,1972-08-24,11,True,8.15,Secundario
act_0203,Actor,Michael Robbie,Belga,1970-04-06,9,True,6.88,Protagonista|Invitado|Cameo
act_0204,Actor,Lashana Lynch,Británica,1950-11-06,22,True,1.74,Invitado|Secundario
act_0205,Actor,Yvonne Vergara,Guatemalteca,1997-05-20,1,True,2.9,Recurrente|Cameo|Secundario
act_0206,Actor,Aaron Hathaway,Brasileña,1998-09-20,18,True,2.61,Protagonista|Antagonista
act_0207,Actor,Awkwafina Carell,Belga,1985-09-25,2,True,2.46,Recurrente
act_0208,Actor,Diego Moura,Guatemalteca,1998-07-01,10,False,7.8,Invitado
act_0209,Actor,Yalitza Cranston,Italiana,1954-10-26,3,False,3.09,Secundario
act_0210,Actor,Ke Hayek,Noruega,1985-08-04,24,True,1.27,Cameo|Invitado
act_0211,Actor,Tatiana Hader,Coreana,1988-09-28,5,False,1.77,Secundario|Antagonista|Protagonista
act_0212,Actor|Director,Bryan Fisher,Belga,1963-11-04,23,False,3.85,Protagonista
act_0213,Actor,Pedro Glover,Venezolana,1974-03-15,3,True,1.79,Cameo|Recurrente
act_0214,Actor,Issa Hopkins,Estadounidense,1958-01-15,11,True,6.37,Cameo|Protagonista
act_0215,Actor,Ewan Einbinder,Canadiense,2000-03-13,7,True,7.17,Antagonista
act_0216,Actor,Isla Watts,Mexicana,1955-09-05,5,False,3.48,Cameo|Protagonista
act_0217,Actor,Sigourney Cruz,Colombiana,1994-06-25,19,True,5.12,Secundario
act_0218,Actor,Pedro King,Noruega,1984-01-31,25,True,4.96,Invitado|Recurrente
act_0219,Actor,Sarah Watts,Belga,1968-01-08,15,True,2.6,Secundario|Invitado
act_0220,Actor,Demián Zhao,Sueca,1971-10-01,10,False,3.52,Secundario|Protagonista
act_0221,Actor,Yvonne Moss,Irlandesa,1966-02-21,21,True,9.58,Invitado|Antagonista
act_0222,Actor,Saoirse Cruz,Belga,1956-03-16,25,False,7.06,Invitado
act_0223,Actor,Naomi Arquette,Mexicana,1987-12-18,25,False,1.67,Cameo|Recurrente|Invitado
act_0224,Actor,Viola Wright,Uruguaya,1987-07-12,17,True,8.12,Invitado|Recurrente
act_0225,Actor,Henry Stiller,Australiana,1972-04-09,21,True,2.5,Protagonista|Recurrente|Cameo
act_0226,Actor,Karla Waller-Bridge,Japonesa,1959-07-04,0,True,3.33,Invitado|Recurrente|Antagonista
act_0227,Actor,Oscar Elba,Venezolana,2002-10-21,22,True,4.1,Cameo
act_0228,Actor,Emilia McGregor,Canadiense,1960-05-31,23,True,4.13,Cameo|Antagonista
act_0229,Actor,Lupita Pattinson,Australiana,1989-04-23,23,False,3.87,Protagonista|Invitado
act_0230,Actor,Daniel Moura,Australiana,1964-09-29,23,True,5.64,Antagonista|Secundario|Cameo
act_0231,Actor,Joaquin Maslany,Danesa,1966-07-20,5,False,4.56,Recurrente|Antagonista|Cameo
act_0232,Actor,Awkwafina Colman,Belga,1969-04-09,6,True,7.77,Recurrente
act_0233,Actor,Emilia Cruz,Española,1982-10-26,10,True,5.12,Invitado|Cameo
act_0234,Actor,Mahershala Stiller,Coreana,2004-11-04,12,True,4.13,Recurrente|Antagonista
act_0235,Actor,Alfonso Steinfeld,Francesa,2005-02-16,18,True,7.05,Protagonista|Antagonista
act_0236,Actor|Director,Donald Dinklage,Belga,1962-09-07,16,False,4.76,Recurrente
act_0237,Actor|Director,John Colman,Danesa,1998-03-18,22,True,5.99,Secundario|Antagonista
act_0238,Actor,Florence Beetz,Noruega,1954-10-23,11,True,5.36,Cameo
act_0239,Actor,Daniel Hemsworth,India,1987-04-16,22,False,5.4,Recurrente
act_0240,Actor,Cillian Banderas,Francesa,1952-12-07,8,True,5.84,Cameo
act_0241,Actor,Yvonne Thompson,India,1999-04-27,16,True,6.15,Recurrente|Secundario
act_0242,Actor,Sterling García Bernal,Venezolana,1989-08-06,17,True,9.91,Invitado
act_0243,Actor,Diego Kaluuya,Francesa,1952-11-22,14,True,4.14,Cameo
act_0244,Actor,Sandra Derbez,Argentina,2002-09-30,22,True,8.75,Invitado|Cameo|Antagonista
act_0245,Actor,Jamie Snook,Peruana,1968-07-26,25,True,6.13,Secundario|Recurrente|Antagonista
act_0246,Actor,Andrew Luna,Sueca,1973-12-26,16,True,2.22,Protagonista|Secundario
act_0247,Actor,Daniel Cranston,Mexicana,1972-05-26,4,True,8.46,Cameo|Invitado|Antagonista
act_0248,Actor,Zoë Hsu,Japonesa,1983-08-29,14,True,6.7,Cameo
act_0249,Actor,Anthony Thompson,Guatemalteca,1983-02-10,14,False,3.95,Invitado
act_0250,Actor,Anna Ojeda,Danesa,1982-02-20,2,False,2.96,Antagonista|Cameo
act_0251,Actor,Isla Garfield,Alemana,1999-02-07,18,True,6.1,Secundario|Protagonista
act_0252,Actor,Aaron Harington,Peruana,1991-03-26,0,True,9.36,Cameo
act_0253,Actor,Margot Pascal,Japonesa,1968-02-25,22,True,8.94,Antagonista|Secundario
act_0254,Actor,Anna Kaluuya,Canadiense,1983-05-12,21,True,1.47,Secundario|Antagonista|Cameo
act_0255,Actor,Daniel Torv,Estadounidense,1969-02-23,15,True,2.19,Recurrente
act_0256,Actor|Director,Steven Ronan,Belga,1980-10-28,3,False,7.25,Protagonista|Antagonista
act_0257,Actor,John Torv,Australiana,1959-04-05,10,True,8.93,Cameo
act_0258,Actor,Eugenio Iñárritu,Mexicana,1962-10-26,2,True,6.49,Cameo
act_0259,Actor,Jodie Aparicio,Colombiana,1963-08-01,13,False,8.74,Protagonista
act_0260,Actor|Director,Sarah Souza,Colombiana,1984-06-14,11,False,3.83,Antagonista
act_0261,Actor|Director,Tom Berry,Irlandesa,2003-12-02,19,True,8.01,Protagonista|Secundario|Antagonista
act_0262,Actor,Lupita Huy Quan,Colombiana,1985-02-22,9,True,8.05,Cameo
act_0263,Actor,John Dinklage,Danesa,2003-04-14,2,True,9.88,Antagonista|Cameo
act_0264,Actor,David Weaver,Española,1992-04-04,24,True,1.15,Protagonista
act_0265,Actor|Director,Javier Hall,Británica,1985-09-14,16,True,6.66,Cameo|Invitado|Recurrente
act_0266,Actor,Bryan Stiller,Noruega,1963-09-13,8,True,3.79,Antagonista|Invitado|Secundario
act_0267,Actor,Regina Lin,Peruana,1955-12-07,9,False,7.57,Protagonista
act_0268,Actor,Jonathan Torv,Australiana,1990-09-04,19,True,3.78,Invitado|Antagonista|Protagonista
act_0269,Actor|Director,Bella Luna,Estadounidense,1964-09-12,15,True,5.71,Secundario|Antagonista|Invitado
act_0270,Actor,Bryan Thompson,Brasileña,1960-08-04,24,True,4.02,Secundario|Recurrente
act_0271,Actor,Mark Bardem,Sueca,1956-11-30,15,False,5.6,Cameo
act_0272,Actor|Director,Sofía Orji,Española,1972-11-20,24,True,9.05,Invitado|Protagonista|Antagonista
act_0273,Actor|Director,Demián Hopkins,Uruguaya,1951-02-07,7,True,5.25,Antagonista|Invitado
act_0274,Actor,Sofía Ortega,Belga,1987-08-16,7,True,3.23,Secundario|Invitado|Protagonista
act_0275,Actor|Director,Zoë Elba,Holandesa,1954-09-22,5,True,8.24,Cameo
act_0276,Actor,Mark Phoenix,Venezolana,1977-11-15,10,True,5.98,Secundario
act_0277,Actor,Elisabeth McGregor,Francesa,2005-11-13,7,False,4.31,Antagonista|Recurrente
act_0278,Actor,Alfonso Banderas,Estadounidense,1986-10-15,0,True,5.87,Invitado|Protagonista|Secundario
act_0279,Actor,Pedro Cuarón,Uruguaya,1977-08-03,3,True,5.77,Cameo
act_0280,Actor,Tessa Bonham Carter,Mexicana,1975-02-08,2,True,9.29,Cameo|Secundario|Invitado
act_0281,Actor,Tessa Cranston,Surafricana,1961-12-23,20,False,1.67,Protagonista|Cameo|Antagonista
act_0282,Actor,Patricia McGregor,Alemana,1985-04-03,22,True,3.86,Antagonista|Protagonista
act_0283,Actor,Elisabeth Snook,Sueca,1959-10-11,4,True,2.48,Secundario|Cameo
act_0284,Actor,Sandra Davis,Venezolana,1968-08-17,14,True,5.17,Protagonista
act_0285,Actor,Jason González,Peruana,2004-02-16,1,True,8.52,Antagonista|Protagonista
act_0286,Actor,Tenoch Bailey,Coreana,1996-01-25,1,True,3.34,Protagonista
act_0287,Actor,Michael Vergara,Colombiana,1999-05-10,7,True,5.16,Protagonista
act_0288,Actor,Bella Bonham Carter,Chilena,1961-09-23,6,False,4.35,Invitado|Protagonista|Secundario
act_0289,Actor|Director,Alfonso Hathaway,Canadiense,1967-09-28,20,False,8.28,Secundario
act_0290,Actor,Sandra Paul,Británica,1965-01-26,18,False,8.4,Cameo|Protagonista
act_0291,Actor,Lashana Yeun,Italiana,1969-04-06,5,True,3.52,Protagonista
act_0292,Actor,Jamie Yeoh,Danesa,1976-06-23,15,False,8.95,Protagonista|Invitado
act_0293,Actor|Director,Tom Boyega,Argentina,1997-03-04,7,True,9.9,Secundario|Cameo|Recurrente
act_0294,Actor,Jodie Orji,Coreana,1974-04-06,5,True,3.87,Protagonista
act_0295,Actor,Eiza Derbez,Cubana,1992-04-26,16,True,7.9,Antagonista
act_0296,Actor,Kit Bailey,Brasileña,1997-11-17,25,True,7.88,Recurrente
act_0297,Actor,Wagner Cruz,Peruana,1965-08-02,5,True,6.33,Invitado|Secundario|Protagonista
act_0298,Actor,Diego Chan,Sueca,2000-07-25,4,True,8.53,Recurrente|Secundario
act_0299,Actor|Director,Henry Thompson,Británica,1970-11-14,19,True,1.18,Protagonista|Secundario
act_0300,Actor,Jamie Moss,Alemana,1965-12-03,25,True,1.54,Recurrente
act_0301,Actor,Diego Carell,Uruguaya,1997-03-20,11,True,4.36,Cameo|Recurrente|Protagonista
act_0302,Actor,Hugh Watts,Española,1989-03-12,25,False,6.84,Invitado
act_0303,Actor,Issa Zhao,Noruega,1982-01-05,7,True,4.41,Invitado|Secundario|Antagonista
act_0304,Actor|Director,Henry Ojeda,Belga,2001-05-23,12,True,2.64,Recurrente|Antagonista
act_0305,Actor|Director,Quan Orji,India,1962-08-14,10,True,3.14,Antagonista|Protagonista
act_0306,Actor,Gael Luna,Colombiana,1980-02-14,14,True,3.39,Invitado
act_0307,Actor,Mark Comer,Australiana,1950-02-11,1,False,4.94,Antagonista|Cameo
act_0308,Actor,Chris Lynch,Coreana,1959-02-06,15,True,2.46,Protagonista
act_0309,Actor,Ewan Kaluuya,Australiana,1956-08-28,10,True,8.99,Invitado
act_0310,Actor,Anne Ellis Ross,Canadiense,1980-04-26,19,False,7.34,Invitado|Antagonista
act_0311,Actor|Director,Ke Smith,Australiana,1979-09-15,6,True,4.68,Invitado|Recurrente|Secundario
act_0312,Actor,Pedro Kidman,Australiana,1954-06-15,12,False,2.38,Protagonista|Cameo
act_0313,Actor,Gael Strong,India,1967-11-30,3,True,2.86,Secundario|Protagonista|Cameo
act_0314,Actor,Wagner Dinklage,Coreana,1992-04-01,15,True,1.82,Cameo|Antagonista|Secundario
act_0315,Actor|Director,Lashana Elba,Británica,1973-08-15,14,False,3.37,Recurrente|Protagonista
act_0316,Actor,Aubrey Souza,Australiana,1957-09-09,21,True,8.27,Recurrente|Antagonista
act_0317,Actor,Tracee Bonham Carter,Peruana,1996-11-18,13,False,6.15,Cameo
act_0318,Actor,Naomi Cranston,Uruguaya,1953-02-11,16,True,2.08,Antagonista|Invitado
act_0319,Actor|Director,Rebecca González,Británica,1987-12-26,2,False,2.82,Antagonista|Recurrente|Secundario
act_0320,Actor,Zazie Ojeda,Canadiense,1957-10-22,12,False,5.97,Recurrente|Cameo
act_0321,Actor,Bella del Castillo,Sueca,1996-11-18,25,False,2.01,Antagonista
act_0322,Actor,Yvonne Lin,Australiana,1959-06-24,18,True,8.07,Secundario|Cameo|Invitado
act_0323,Actor,John Kaluuya,Noruega,1992-06-09,1,True,3.48,Recurrente
act_0324,Actor,Ke Yeun,Británica,1985-07-05,10,True,1.44,Secundario|Invitado
act_0325,Actor,Daniel Grant,Francesa,1977-11-24,8,False,8.72,Protagonista|Antagonista|Recurrente
act_0326,Actor,Naomi Thompson,Peruana,1978-10-15,8,False,6.44,Antagonista
act_0327,Actor,Saoirse Hall,Japonesa,1993-06-18,24,True,8.39,Antagonista|Protagonista|Secundario
act_0328,Actor,Diego Wright,Venezolana,1997-01-13,18,True,2.56,Protagonista
act_0329,Actor,Jonathan Ortega,Italiana,1967-11-12,8,True,8.41,Cameo|Protagonista|Recurrente
act_0330,Actor,Patricia Elba,China,1965-12-07,15,True,4.1,Invitado|Protagonista
act_0331,Actor,Nicole Murphy,Española,2001-05-04,24,True,8.71,Antagonista|Invitado|Secundario
act_0332,Actor,Daniel Einbinder,Uruguaya,1950-10-19,15,True,6.83,Protagonista|Antagonista|Secundario
act_0333,Actor,Ke González,Belga,1974-09-15,13,False,8.66,Secundario|Antagonista
act_0334,Actor,Joaquin Watts,Peruana,2005-12-12,12,True,1.07,Secundario|Recurrente|Invitado
act_0335,Actor|Director,Naomi Yeun,Canadiense,1980-03-03,8,True,8.75,Invitado|Secundario
act_0336,Actor,Jeffrey Plaza,Chilena,1955-02-04,25,False,6.94,Antagonista|Protagonista|Cameo
act_0337,Actor,Ewan Bardem,Coreana,1984-10-31,23,True,6.25,Antagonista|Secundario|Invitado
act_0338,Actor,Steven Davis,India,1982-03-01,16,True,8.61,Recurrente|Antagonista|Secundario
act_0339,Actor|Director,Kit Larson,Brasileña,2000-02-26,24,True,9.52,Invitado|Protagonista
act_0340,Actor,Walton Hader,Uruguaya,1977-07-20,13,True,4.35,Secundario|Cameo|Protagonista
act_0341,Actor,Brie Almodóvar,Sueca,2002-01-23,19,True,5.25,Recurrente
act_0342,Actor,Sandra Yeun,Francesa,1987-01-23,1,True,2.24,Secundario
act_0343,Actor,Hannah Orji,China,1962-11-07,10,True,8.01,Secundario|Antagonista
act_0344,Actor|Director,Zazie Stiller,China,1974-07-16,6,True,6.19,Cameo
act_0345,Actor,Kate Cuarón,Mexicana,2005-02-16,13,False,4.63,Cameo|Protagonista
act_0346,Actor|Director,Jenna Davis,Italiana,1951-04-07,10,True,1.16,Invitado
act_0347,Actor,Roma Bailey,Guatemalteca,1980-11-22,9,True,1.92,Recurrente|Secundario|Antagonista
act_0348,Actor|Director,Mark García Bernal,Francesa,1990-11-26,23,True,4.9,Antagonista|Secundario|Cameo
act_0349,Actor|Director,Bill Souza,Cubana,1986-03-11,0,True,3.02,Antagonista
act_0350,Actor,Roma Kaluuya,Española,1961-01-18,11,True,4.38,Secundario|Recurrente|Protagonista
act_0351,Actor,Henry Almodóvar,Danesa,1951-10-09,1,True,4.75,Protagonista|Recurrente
act_0352,Actor,Penelope Larson,Argentina,1950-11-01,9,False,6.95,Recurrente|Secundario|Antagonista
act_0353,Actor,David Luna,Surafricana,2005-06-01,3,True,2.03,Cameo
act_0354,Actor|Director,Elisabeth Huy Quan,Brasileña,1996-12-07,6,True,7.33,Antagonista|Protagonista
act_0355,Actor,Tracee Hemsworth,Belga,1993-02-14,10,True,1.02,Protagonista|Invitado|Cameo
act_0356,Actor,Aubrey Torv,Canadiense,1959-02-02,8,True,5.11,Secundario|Cameo
act_0357,Actor,Pedro Harington,Uruguaya,1953-07-16,9,True,8.21,Cameo|Protagonista
act_0358,Actor,Kit Moura,Británica,1950-11-13,4,True,3.96,Recurrente|Secundario
act_0359,Actor,Roma Torv,Alemana,1966-05-29,3,False,4.6,Secundario|Cameo
act_0360,Actor,Chloé Moura,Japonesa,1964-12-18,3,True,7.27,Antagonista
act_0361,Actor,Emilia Tennant,India,2001-01-16,21,False,2.63,Secundario|Recurrente
act_0362,Actor,Cillian Carbonell,Peruana,1961-09-21,15,False,2.02,Cameo|Protagonista
act_0363,Actor|Director,Daniel Beetz,Uruguaya,1997-01-31,24,True,9.8,Secundario|Recurrente|Protagonista
act_0364,Actor,Matt Strong,India,1981-01-07,21,False,2.34,Recurrente|Protagonista|Invitado
act_0365,Actor,Halle Bateman,India,1994-06-26,5,True,7.76,Antagonista|Secundario
act_0366,Actor,Tom Almodóvar,Irlandesa,1983-12-21,12,True,1.71,Recurrente|Cameo
act_0367,Actor,Anna Vergara,Alemana,1960-08-25,15,True,1.92,Protagonista|Recurrente
act_0368,Actor,Tracee Pascal,Cubana,2004-03-16,19,True,9.01,Antagonista|Cameo|Secundario
act_0369,Actor|Director,Sigourney García Bernal,Chilena,1990-10-09,10,False,7.45,Invitado|Cameo
act_0370,Actor,Peter Harington,Chilena,1950-03-13,10,True,8.47,Recurrente|Invitado
act_0371,Actor|Director,Idris Chan,Guatemalteca,1964-09-23,15,True,8.4,Invitado|Cameo|Protagonista
act_0372,Actor|Director,Penelope Lee Curtis,Australiana,1985-04-01,6,False,8.42,Invitado
act_0373,Actor,Hugh Clarke,Británica,2002-10-29,3,False,5.12,Recurrente|Antagonista|Cameo
act_0374,Actor,Pedro Ali,Irlandesa,1988-10-30,18,False,9.32,Invitado
act_0375,Actor,Constance Cavill,Mexicana,1959-04-17,12,True,5.54,Cameo|Recurrente
act_0376,Actor,Chloé Cuarón,Coreana,1980-10-04,9,False,8.24,Cameo
act_0377,Actor,Ke Chan,Surafricana,1976-10-25,22,True,7.41,Invitado|Antagonista|Recurrente
act_0378,Actor,Adam Yeoh,Holandesa,1980-12-23,21,True,9.83,Antagonista|Recurrente|Secundario
act_0379,Actor,Diego Dinklage,Irlandesa,1993-02-04,18,False,7.07,Secundario|Cameo|Protagonista
act_0380,Actor|Director,Lupita Clarke,Mexicana,1954-10-05,21,True,2.8,Secundario
act_0381,Actor|Director,Steven Cruz,Británica,1976-06-24,6,True,4.23,Protagonista|Recurrente
act_0382,Actor,Hailee Bichir,Chilena,2000-05-09,12,True,5.6,Secundario|Protagonista|Cameo
act_0383,Actor,John Tennant,Holandesa,1978-01-19,17,True,1.12,Antagonista|Recurrente
act_0384,Actor,Eugenio Carbonell,Peruana,1970-03-27,20,True,7.8,Invitado|Recurrente|Antagonista
act_0385,Actor,Eugenio Aparicio,Francesa,1990-04-07,5,True,2.68,Invitado
act_0386,Actor,Anthony Bullock,Japonesa,1975-01-15,17,True,2.17,Secundario|Protagonista|Invitado
act_0387,Actor,Joaquin Luna,Británica,1963-10-16,10,True,7.96,Recurrente|Secundario|Cameo
act_0388,Actor,Antonio Kravitz,Canadiense,1978-07-08,16,True,9.61,Protagonista|Recurrente|Antagonista
act_0389,Actor,David K. Brown,Canadiense,1981-05-07,7,True,6.97,Secundario|Invitado
act_0390,Actor,Rebecca Souza,India,2000-05-11,24,True,2.03,Cameo|Antagonista
act_0391,Actor,Halle Lee Curtis,Chilena,1953-07-30,21,True,4.43,Cameo
act_0392,Actor,Penelope K. Brown,Estadounidense,1996-05-15,24,True,5.63,Cameo|Invitado|Protagonista
act_0393,Actor,Jeffrey Garfield,Australiana,1965-01-07,24,True,6.64,Invitado
act_0394,Actor,Stephanie Derbez,Holandesa,1988-01-22,3,True,5.84,Invitado|Cameo|Protagonista
act_0395,Actor|Director,Tessa Yeun,China,1979-10-05,1,True,1.66,Secundario
act_0396,Actor,Issa Hathaway,Chilena,1973-03-16,13,False,5.06,Cameo|Secundario
act_0397,Actor,Daniel Boyega,Irlandesa,1950-07-13,20,True,7.8,Protagonista|Invitado|Secundario
act_0398,Actor,Letitia Clarke,Holandesa,1977-01-13,19,True,3.53,Cameo|Invitado
act_0399,Actor|Director,Cillian Larson,Chilena,1962-03-27,23,False,8.17,Secundario|Antagonista|Invitado
act_0400,Actor,Hailee Banderas,Danesa,1983-06-23,0,True,2.11,Recurrente
act_0401,Actor,Henry King,Canadiense,1977-05-03,6,True,2.91,Recurrente|Antagonista|Invitado
act_0402,Actor,Florence Goggins,Brasileña,1967-06-08,3,True,7.04,Protagonista|Recurrente|Cameo
act_0403,Actor|Director,Halle Ellis Ross,Holandesa,1956-01-17,8,True,2.78,Cameo|Secundario|Recurrente
act_0404,Actor,Bryan Renner,Australiana,1975-08-01,19,True,9.1,Cameo|Invitado
act_0405,Actor,Phoebe Lee Curtis,Belga,2002-05-30,4,True,8.27,Antagonista|Protagonista
act_0406,Actor,Zazie Bailey,Belga,1989-02-15,8,True,2.21,Secundario|Cameo|Recurrente
act_0407,Actor,Oscar Hader,India,1999-06-30,3,True,6.81,Secundario
act_0408,Actor|Director,Sofía García Bernal,Irlandesa,1967-08-16,8,True,7.55,Recurrente
act_0409,Actor,Stephanie Murphy,Sueca,1986-05-07,24,True,9.16,Secundario|Recurrente|Cameo
act_0410,Actor|Director,Daniel Derbez,Coreana,1970-01-13,24,True,2.2,Recurrente|Protagonista|Cameo
act_0411,Actor|Director,Sigourney Wright,Chilena,2005-02-01,21,True,7.81,Cameo
act_0412,Actor,Jason Cavill,Sueca,1963-02-12,23,False,9.45,Antagonista
act_0413,Actor,Alfonso Thompson,Brasileña,1983-02-22,7,True,7.02,Secundario|Cameo|Recurrente
act_0414,Actor|Director,Margot Paul,Danesa,1979-01-28,3,True,8.51,Recurrente|Invitado
act_0415,Actor,Yvonne Cavill,Coreana,1982-10-10,18,True,5.65,Antagonista|Recurrente
act_0416,Actor,Michael Hader,Italiana,1993-09-05,25,False,8.98,Recurrente
act_0417,Actor|Director,Sarah Ronan,Canadiense,1996-02-29,20,True,2.9,Antagonista
act_0418,Actor,Sigourney Huy Quan,Australiana,1970-08-31,13,True,7.48,Invitado|Cameo
act_0419,Actor,Robert Driver,Danesa,1986-11-12,0,True,1.39,Recurrente|Antagonista|Invitado
act_0420,Actor|Director,Stephanie Hopkins,Sueca,1963-03-06,1,True,3.32,Recurrente
act_0421,Actor,Michael Driver,Danesa,1951-09-03,23,True,9.53,Cameo
act_0422,Actor,Robert Erskine,Japonesa,2003-11-27,4,True,6.61,Secundario|Antagonista|Invitado
act_0423,Actor,Margot Driver,Chilena,1983-12-07,12,True,1.98,Recurrente
act_0424,Actor,Letitia Yeun,Mexicana,2004-04-28,3,True,5.28,Recurrente|Protagonista|Invitado
act_0425,Actor,Anna Pattinson,Guatemalteca,2004-02-21,17,True,9.07,Invitado|Cameo|Recurrente
act_0426,Actor,Idris Paul,Japonesa,1970-08-03,25,False,8.11,Secundario|Recurrente
act_0427,Actor,Penélope Bichir,Peruana,2001-09-08,3,False,2.2,Antagonista|Protagonista
act_0428,Actor,Sterling Einbinder,Estadounidense,1950-08-22,18,True,5.68,Invitado|Antagonista
act_0429,Actor,Chloé Cruz,Italiana,1959-07-25,4,False,6.86,Secundario|Recurrente
act_0430,Actor,Olivia Orji,Brasileña,1985-08-28,24,True,4.72,Cameo|Antagonista|Secundario
act_0431,Actor,Issa Rae,Francesa,2001-10-28,11,False,7.62,Protagonista|Antagonista|Cameo
act_0432,Actor,Kate Chan,Australiana,1969-03-29,16,False,8.07,Recurrente|Protagonista|Antagonista
act_0433,Actor|Director,John Stiller,Canadiense,1963-01-15,15,False,1.79,Antagonista|Secundario
act_0434,Actor|Director,Bryan Huy Quan,Coreana,1985-12-11,19,True,7.4,Protagonista|Antagonista|Cameo
act_0435,Actor,Saoirse Ramsey,Holandesa,1996-06-26,9,True,1.3,Recurrente|Invitado|Antagonista
act_0436,Actor,Jamie Erskine,Italiana,1971-06-19,20,True,9.78,Secundario
act_0437,Actor,Eugenio B. Jordan,Coreana,1986-05-17,18,True,5.66,Invitado|Protagonista|Recurrente
act_0438,Actor,Tracee Kidman,Irlandesa,2002-04-19,11,True,9.67,Antagonista|Recurrente
act_0439,Actor,Jeffrey Robbie,Sueca,1950-06-02,8,True,4.66,Recurrente
act_0440,Actor,Anne Wright,Australiana,1996-01-19,8,True,7.25,Recurrente|Cameo
act_0441,Actor,Salma Bailey,Venezolana,1991-03-02,21,False,9.07,Cameo
act_0442,Actor|Director,Peter Bardem,Danesa,1969-10-09,21,True,8.2,Secundario|Recurrente
act_0443,Actor,Viola Ramsey,Brasileña,1972-04-09,9,True,4.59,Secundario|Protagonista|Antagonista
act_0444,Actor,Brie Beetz,Guatemalteca,2001-06-21,8,True,9.52,Antagonista|Cameo|Invitado
act_0445,Actor,Patricia Bichir,Brasileña,1968-07-20,7,True,8.51,Secundario|Antagonista|Protagonista
act_0446,Actor,Hailee Strong,Estadounidense,1998-07-31,1,False,4.34,Cameo|Recurrente
act_0447,Actor|Director,Tom Thompson,Venezolana,1995-11-09,8,False,3.0,Antagonista|Protagonista|Cameo
act_0448,Actor|Director,Robert K. Brown,Italiana,1985-04-28,21,True,5.11,Invitado
act_0449,Actor,Lupita Robbie,Estadounidense,1951-01-23,21,True,4.41,Secundario
act_0450,Actor,Sigourney Lee Curtis,Española,1999-03-20,8,True,3.42,Secundario|Invitado|Antagonista
act_0451,Actor,Chris Colman,Belga,1983-05-27,11,False,3.52,Recurrente
act_0452,Actor,Bryan Kravitz,Peruana,1958-12-17,23,True,8.24,Cameo|Invitado|Antagonista
act_0453,Actor,Steve Cruz,Mexicana,1992-06-07,25,True,2.59,Antagonista|Recurrente
act_0454,Actor,Viola Aparicio,India,1976-12-01,8,True,4.59,Antagonista|Protagonista|Invitado
act_0455,Actor,Brie Mendes,China,1980-01-10,8,True,4.24,Secundario|Invitado|Protagonista
act_0456,Actor,Hannah Bullock,Holandesa,2004-04-30,6,True,9.81,Secundario|Invitado
act_0457,Actor,Hailee Hopkins,Colombiana,1990-02-05,2,False,6.52,Invitado|Antagonista
act_0458,Actor,Maya Stiller,Alemana,1987-11-05,20,False,8.64,Protagonista
act_0459,Actor,Jason Grant,Alemana,1976-02-21,22,True,6.45,Secundario|Cameo
act_0460,Actor,Sigourney Thompson,China,1987-02-21,5,True,8.69,Invitado
act_0461,Actor,Patricia Strong,Colombiana,1957-03-08,6,True,4.57,Protagonista
act_0462,Actor|Director,Brie Ellis Ross,Venezolana,1985-08-14,16,True,1.94,Antagonista|Protagonista|Cameo
act_0463,Actor,Donald Maslany,Francesa,1989-10-04,20,True,2.18,Protagonista
act_0464,Actor,Jenna Strong,Alemana,1992-09-19,14,True,5.94,Invitado
act_0465,Actor,Sterling Cavill,China,2000-08-06,13,True,9.18,Recurrente|Antagonista
act_0466,Actor,Eiza Torv,Italiana,1986-12-25,8,True,3.73,Recurrente
act_0467,Actor,Alfonso Cuarón,Italiana,1975-09-23,15,True,7.19,Cameo|Secundario
act_0468,Actor,Bella Hayek,Francesa,2003-07-24,7,True,5.93,Cameo
act_0469,Actor,Issa Smith,Española,1984-12-18,12,True,3.37,Invitado|Antagonista
act_0470,Actor,Lupita Cuarón,Noruega,1974-05-23,9,True,4.72,Antagonista
act_0471,Actor|Director,Sarah McGregor,China,2005-06-02,14,True,7.3,Antagonista|Secundario
act_0472,Actor|Director,Pedro Davis,Australiana,1975-04-24,8,True,7.44,Protagonista|Antagonista|Invitado
act_0473,Actor,Aubrey Ramsey,Alemana,1987-09-14,9,False,9.98,Invitado|Protagonista
act_0474,Actor,Phoebe Cranston,Mexicana,1955-01-11,8,False,1.64,Antagonista|Invitado
act_0475,Actor,Eva Cruz,Peruana,1951-02-18,3,True,4.46,Antagonista|Protagonista
act_0476,Actor,Elisabeth Robbie,Australiana,1996-10-02,21,True,5.26,Secundario|Invitado|Antagonista
act_0477,Actor|Director,Stephanie Ojeda,Irlandesa,1996-09-25,3,True,5.33,Antagonista|Secundario
act_0478,Actor,Jeremy Hall,Chilena,1988-12-13,10,True,2.51,Recurrente|Protagonista
act_0479,Actor,Regina Banderas,Británica,2002-02-17,25,False,7.2,Secundario
act_0480,Actor,Salma Torv,India,1958-03-15,21,True,9.38,Protagonista|Invitado|Secundario
act_0481,Actor,Halle Plaza,Cubana,1959-08-21,4,False,3.09,Invitado|Secundario|Cameo
act_0482,Actor|Director,Roma Wright,Coreana,1982-02-18,23,True,3.26,Cameo
act_0483,Actor,Diego Ronan,Irlandesa,1993-12-20,6,True,5.89,Invitado|Cameo
act_0484,Actor,Tom Luna,Uruguaya,1999-10-01,5,True,5.78,Secundario|Invitado
act_0485,Actor,Sterling Weaver,Venezolana,1995-05-24,12,True,8.95,Secundario|Recurrente|Antagonista
act_0486,Actor|Director,Andrew Aparicio,Irlandesa,1984-10-06,6,False,7.89,Recurrente
act_0487,Actor,Nicole Garfield,Alemana,1959-11-29,3,True,1.39,Antagonista
act_0488,Actor|Director,Jenna Moss,Argentina,1958-11-10,1,False,6.92,Recurrente|Invitado|Secundario
act_0489,Actor,Pedro Weaver,Belga,1956-05-11,0,True,6.9,Cameo
act_0490,Actor|Director,Penélope Stiller,Irlandesa,1987-04-26,11,True,8.41,Recurrente|Protagonista
act_0491,Actor,Roma Hathaway,Canadiense,1969-05-15,16,True,1.91,Recurrente
act_0492,Actor|Director,John Wright,Holandesa,1972-04-26,18,True,6.03,Cameo|Protagonista|Secundario
act_0493,Actor,Hailee Robbie,Japonesa,1959-05-05,5,True,5.95,Secundario|Antagonista|Cameo
act_0494,Actor,Bill Beetz,Alemana,1983-05-08,13,False,8.44,Recurrente|Antagonista
act_0495,Actor,Yvonne K. Brown,Venezolana,1999-05-14,23,True,4.24,Cameo|Invitado
act_0496,Actor|Director,Pedro Aparicio,Francesa,2003-06-13,0,True,9.94,Protagonista|Secundario
act_0497,Actor,Walton Hall,Estadounidense,1974-10-04,17,True,1.85,Secundario|Antagonista
act_0498,Actor,Sarah Bardem,Sueca,1972-06-01,7,True,8.3,Recurrente
act_0499,Actor,Michael Orji,Colombiana,1956-12-04,23,True,8.14,Cameo
act_0500,Actor,Gael Zhao,Peruana,1958-07-22,19,True,1.34,Cameo|Protagonista|Recurrente
act_0501,Actor,Salma Waller-Bridge,Peruana,1988-12-18,13,True,8.83,Invitado
act_0502,Actor,Ke Ramsey,Danesa,1984-04-25,1,True,5.72,Recurrente|Invitado
act_0503,Actor,Aubrey Garfield,Chilena,1963-09-29,1,False,9.74,Recurrente|Invitado|Protagonista
act_0504,Actor,Walton Smith,Coreana,1963-04-13,4,True,1.74,Invitado|Protagonista|Cameo
act_0505,Actor,Javier Cranston,Japonesa,1961-09-12,24,True,5.33,Cameo
act_0506,Actor,Regina Kaluuya,Irlandesa,2005-04-06,23,True,3.18,Cameo|Secundario
act_0507,Actor|Director,Steven Kravitz,Holandesa,1987-02-08,13,True,4.13,Secundario|Recurrente
act_0508,Actor,Daniel Murphy,Española,1981-05-17,19,False,6.61,Protagonista|Antagonista
act_0509,Actor,Elisabeth Yeun,Venezolana,1957-09-12,3,True,3.19,Antagonista|Secundario|Protagonista
act_0510,Actor,Hugh Zhao,Francesa,1990-05-18,15,True,3.99,Recurrente|Antagonista|Invitado
act_0511,Actor,Sterling Nyong'o,Irlandesa,1993-05-02,19,True,7.26,Protagonista|Cameo|Invitado
act_0512,Actor|Director,Penelope Erskine,Argentina,2005-06-10,8,True,5.18,Protagonista
act_0513,Actor,John Strong,Uruguaya,1982-04-26,3,True,3.63,Cameo|Antagonista|Invitado
act_0514,Actor|Director,Anthony Luna,Alemana,1993-06-25,19,True,2.68,Cameo|Recurrente|Protagonista
act_0515,Actor,Aaron Bailey,Francesa,1979-12-05,15,False,7.7,Secundario
act_0516,Actor,Steven Hader,Francesa,1971-03-11,16,True,8.31,Secundario|Cameo|Protagonista
act_0517,Actor,Issa Hiddleston,Alemana,1985-03-30,21,True,1.79,Recurrente|Invitado
act_0518,Actor,Tatiana Tennant,Mexicana,1988-04-05,9,True,5.04,Antagonista
act_0519,Actor,Daniel Snook,Holandesa,1968-02-25,4,True,7.2,Antagonista|Cameo|Invitado
act_0520,Actor,Daniel Orji,Alemana,1956-02-01,17,True,2.66,Invitado
act_0521,Actor,Cillian Cuarón,Japonesa,1986-11-23,9,False,7.71,Invitado|Secundario|Antagonista
act_0522,Actor|Director,Eugenio Wright,Española,1952-05-08,24,True,6.45,Antagonista|Recurrente|Invitado
act_0523,Actor|Director,Tatiana Yeun,Canadiense,1992-10-04,4,False,7.41,Antagonista|Cameo
act_0524,Actor|Director,Tessa Larson,Argentina,1970-04-20,1,False,7.88,Secundario
act_0525,Actor,Hannah Goggins,Argentina,1968-05-09,2,True,9.34,Recurrente|Cameo
act_0526,Actor,Chloé Garfield,Guatemalteca,1972-02-21,13,False,7.99,Invitado|Cameo|Secundario
act_0527,Actor,Regina Lee Curtis,Sueca,2003-04-10,17,True,5.69,Cameo|Protagonista
act_0528,Actor,Jonathan Nyong'o,Colombiana,1953-07-10,17,False,5.65,Protagonista|Antagonista|Secundario
act_0529,Actor,Saoirse King,Venezolana,1975-08-26,14,True,4.8,Protagonista|Recurrente|Antagonista
act_0530,Actor|Director,Halle Isaac,Surafricana,1960-02-26,5,True,4.54,Cameo|Protagonista
act_0531,Actor,Henry Robbie,Belga,1968-02-12,14,True,3.25,Invitado|Antagonista|Protagonista
act_0532,Actor,Anna Dinklage,Danesa,1982-07-24,2,False,7.54,Recurrente|Antagonista|Cameo
act_0533,Actor|Director,Tracee Lynch,Española,1980-01-27,18,True,2.46,Antagonista
act_0534,Actor|Director,Salma Huerta,Francesa,1977-10-08,23,False,3.6,Protagonista
act_0535,Actor|Director,Bryan Moss,Venezolana,1972-09-15,0,False,5.48,Recurrente|Protagonista
act_0536,Actor,Ke Hemsworth,Sueca,1992-09-05,14,False,4.98,Recurrente|Protagonista|Antagonista
act_0537,Actor,Tracee Hiddleston,Irlandesa,1968-08-17,1,True,2.33,Secundario|Protagonista|Antagonista
act_0538,Actor,Jeremy Kravitz,Francesa,1979-09-15,2,True,1.98,Antagonista
act_0539,Actor,Hailee Kidman,Belga,2003-05-18,18,True,9.7,Recurrente|Secundario|Protagonista
act_0540,Actor,Anna Hayek,Italiana,1983-12-31,2,False,8.59,Secundario
act_0541,Actor|Director,Brie Snook,Uruguaya,1974-08-15,10,False,5.72,Antagonista|Recurrente|Protagonista
act_0542,Actor,Emilia Kravitz,Danesa,1997-06-15,2,False,7.52,Invitado|Secundario|Cameo
act_0543,Actor,Ke Moura,Surafricana,2001-08-07,19,True,9.34,Recurrente|Cameo|Invitado
act_0544,Actor|Director,Chris González,Noruega,1970-11-17,22,True,9.81,Protagonista
act_0545,Actor,Cillian Phoenix,Australiana,1968-08-07,25,False,4.73,Secundario|Recurrente
act_0546,Actor,Eiza Stiller,Danesa,1968-01-19,22,True,3.29,Secundario
act_0547,Actor,Naomi Wright,Venezolana,1950-07-20,3,True,4.07,Recurrente|Invitado|Protagonista
act_0548,Actor|Director,Diego Cavill,Peruana,1980-04-26,21,False,9.25,Invitado
act_0549,Actor|Director,Sarah Pattinson,China,1998-03-05,10,False,8.06,Invitado|Protagonista
act_0550,Actor,Diego Nyong'o,Colombiana,1978-04-22,17,True,2.87,Secundario|Invitado|Protagonista
act_0551,Actor,Aubrey Hiddleston,Alemana,1983-08-31,20,True,6.14,Antagonista|Recurrente
act_0552,Actor,Peter Carbonell,Francesa,1978-03-20,22,True,3.44,Cameo
act_0553,Actor,Oscar Luna,Argentina,1997-02-09,9,True,2.01,Antagonista
act_0554,Actor,Anna Ronan,Cubana,1993-04-20,16,True,2.71,Invitado|Recurrente
act_0555,Actor,Donald Derbez,Venezolana,1958-10-25,16,True,2.85,Cameo
act_0556,Actor,John Huerta,Australiana,1950-05-15,9,True,7.18,Protagonista|Secundario|Cameo
act_0557,Actor,Aaron Clarke,Holandesa,1978-01-13,0,True,6.75,Secundario
act_0558,Actor,Elisabeth Wright,Irlandesa,1978-08-19,24,False,7.04,Antagonista|Invitado
act_0559,Actor|Director,Tom Dinklage,Noruega,2000-03-16,16,True,2.86,Recurrente|Secundario
act_0560,Actor,Isla Carell,Cubana,1975-06-01,18,True,2.54,Recurrente|Secundario
act_0561,Actor|Director,Sterling Ronan,Estadounidense,1992-03-26,21,True,1.95,Protagonista
act_0562,Actor|Director,Olivia King,Noruega,2003-03-07,20,False,6.55,Secundario|Antagonista
act_0563,Actor,Tenoch Cuarón,Irlandesa,1957-01-17,24,False,6.11,Invitado
act_0564,Actor,Margot Glover,Belga,1991-10-03,15,True,9.53,Recurrente
act_0565,Actor,Javier Weaver,Belga,1979-08-21,25,True,5.08,Protagonista
act_0566,Actor,Brie Dinklage,China,1965-04-28,9,True,6.44,Recurrente
act_0567,Actor,Emilia B. Jordan,Cubana,1959-08-07,10,True,8.13,Cameo|Invitado|Recurrente
act_0568,Actor,Patricia Yeoh,Española,1993-04-11,12,True,4.07,Recurrente|Cameo|Invitado
act_0569,Actor,Yvonne del Castillo,Belga,1971-03-10,5,True,7.65,Recurrente|Cameo|Protagonista
act_0570,Actor,Awkwafina Driver,Irlandesa,1958-10-05,14,True,3.77,Protagonista|Recurrente
act_0571,Actor,Emilia Yeun,Venezolana,1983-12-30,10,False,6.8,Protagonista
act_0572,Actor|Director,Rebecca Iñárritu,Sueca,1950-01-07,24,True,6.95,Recurrente|Secundario
act_0573,Actor,John Lee Curtis,Argentina,1968-06-14,21,True,3.7,Secundario|Cameo|Invitado
act_0574,Actor|Director,Anna Wu,Surafricana,1986-04-06,4,True,1.56,Protagonista|Invitado|Secundario
act_0575,Actor|Director,Nicole Carbonell,Japonesa,2002-12-12,12,True,7.41,Cameo|Invitado
act_0576,Actor,Sterling Hall,India,1962-06-24,6,False,8.59,Cameo|Antagonista
act_0577,Actor|Director,Nicole Renner,Estadounidense,1956-06-08,20,True,2.3,Invitado|Cameo
act_0578,Actor|Director,Sarah Cranston,Cubana,1987-04-23,14,False,6.61,Recurrente|Cameo
act_0579,Actor,Tracee Iñárritu,Italiana,1970-04-03,5,False,6.44,Cameo|Antagonista|Secundario
act_0580,Actor,Hannah K. Brown,Británica,1953-05-25,18,False,7.34,Recurrente
act_0581,Actor|Director,Robert Zhao,Colombiana,1997-03-24,24,True,5.18,Recurrente
act_0582,Actor,Jamie Torv,Danesa,1957-01-02,21,True,6.52,Recurrente|Protagonista
act_0583,Actor,Brie Robbie,India,2001-06-29,23,True,4.79,Secundario|Antagonista
act_0584,Actor,Jenna Zhao,Colombiana,1977-04-12,23,True,1.55,Recurrente|Antagonista
act_0585,Actor,Zoë Almodóvar,Francesa,1952-06-13,9,False,1.74,Protagonista|Secundario|Recurrente
act_0586,Actor,Bryan Lee Curtis,Uruguaya,1973-01-19,0,True,6.43,Invitado|Antagonista|Cameo
act_0587,Actor|Director,Idris González,Cubana,1971-03-11,15,True,8.19,Secundario
act_0588,Actor,Bryan Carell,Peruana,1963-10-31,15,False,7.93,Invitado
act_0589,Actor,Saoirse Aparicio,Argentina,2001-10-31,23,True,1.49,Protagonista|Invitado
act_0590,Actor,Maya Phoenix,Francesa,1992-09-23,23,True,4.42,Cameo|Invitado|Secundario
act_0591,Actor,Steve Ali,Estadounidense,1975-11-29,25,False,4.44,Recurrente|Protagonista
act_0592,Actor,Kit Davis,Uruguaya,1988-09-26,19,True,4.01,Protagonista|Secundario
act_0593,Actor,Daniel Wu,Venezolana,1971-09-11,23,True,5.68,Invitado|Antagonista|Secundario
act_0594,Actor,Tracee Ramsey,Peruana,1956-02-05,0,False,1.88,Invitado
act_0595,Actor,Oscar Comer,Francesa,1972-08-07,6,True,1.21,Protagonista
act_0596,Actor,Henry Strong,Argentina,2003-10-10,20,True,7.37,Protagonista
act_0597,Actor|Director,Sofía Huy Quan,Holandesa,2000-10-13,25,True,9.06,Antagonista|Secundario|Recurrente
act_0598,Actor,Joaquin Strong,Danesa,1990-09-06,8,False,7.23,Secundario|Invitado|Antagonista
act_0599,Actor,Eugenio Hathaway,Británica,1984-05-05,12,True,9.96,Secundario|Antagonista
act_0600,Actor,Saoirse Ruffalo,Argentina,2004-10-02,12,True,6.81,Antagonista
act_0601,Actor,Sterling Hayek,Noruega,1959-07-14,14,True,1.93,Protagonista
act_0602,Actor,Zoë Ojeda,China,1951-09-07,15,True,6.88,Protagonista
act_0603,Actor,Jeremy Boyega,Belga,1979-08-04,12,True,5.64,Cameo|Invitado
act_0604,Actor,Michael Moura,Cubana,1956-04-16,17,True,1.03,Cameo|Protagonista|Secundario
act_0605,Actor,Phoebe Yeun,Británica,1958-02-18,11,True,1.72,Secundario|Antagonista
act_0606,Actor|Director,Henry Ellis Ross,Coreana,1967-02-19,9,False,9.07,Invitado|Secundario|Cameo
act_0607,Actor,Bryan Hsu,Argentina,1962-07-22,1,True,1.23,Antagonista|Cameo|Recurrente
act_0608,Actor,Mark Banderas,Francesa,1994-10-30,17,False,9.7,Protagonista
act_0609,Actor,Hugh Bonham Carter,Colombiana,1953-11-03,12,True,2.91,Invitado|Recurrente|Cameo
act_0610,Actor|Director,Hailee Davis,Sueca,1970-11-26,2,True,7.62,Invitado|Protagonista
act_0611,Actor|Director,Brie Yeoh,Belga,1961-09-17,0,True,6.69,Protagonista|Cameo
act_0612,Actor|Director,Diego Lin,Peruana,1959-07-17,3,False,6.35,Antagonista|Protagonista|Invitado
act_0613,Actor,Olivia Grant,Colombiana,1986-01-25,10,True,9.78,Recurrente|Antagonista|Secundario
act_0614,Actor,Eva Banderas,Británica,2003-03-18,5,True,1.57,Antagonista|Cameo
act_0615,Actor,Maya Chan,Española,1989-05-10,7,True,2.2,Recurrente|Cameo|Antagonista
act_0616,Actor|Director,Daniel Thompson,Estadounidense,1966-02-05,2,True,4.75,Invitado|Antagonista
act_0617,Actor,Adam Carell,Surafricana,1990-05-30,13,True,9.44,Invitado|Protagonista|Antagonista
act_0618,Actor,Tenoch Hemsworth,Canadiense,1977-01-08,11,False,1.04,Antagonista
act_0619,Actor,Sandra Ali,Noruega,1982-06-20,24,True,5.18,Invitado|Antagonista|Secundario
act_0620,Actor|Director,Pedro Wright,Mexicana,1992-07-24,15,True,2.44,Protagonista
act_0621,Actor,Halle Weaver,Japonesa,1972-07-21,10,False,1.39,Protagonista|Recurrente|Antagonista
act_0622,Actor|Director,Jason del Castillo,Surafricana,1960-05-31,2,True,7.49,Recurrente|Secundario|Cameo
act_0623,Actor,Elisabeth Thompson,Alemana,1970-08-22,24,True,3.94,Antagonista
act_0624,Actor,Demián Einbinder,Coreana,1969-10-18,2,False,6.27,Cameo
act_0625,Actor,Steve Hall,China,1965-12-22,12,True,2.23,Antagonista|Secundario|Recurrente
act_0626,Actor|Director,Elisabeth Waller-Bridge,Belga,2001-01-07,1,True,2.23,Cameo|Invitado
act_0627,Actor,Maya Cuarón,Guatemalteca,1976-06-24,19,True,8.11,Recurrente|Antagonista|Invitado
act_0628,Actor,Anna Einbinder,India,1969-06-02,18,False,8.53,Protagonista|Cameo
act_0629,Actor,Demián Bailey,Japonesa,2001-12-26,7,True,9.22,Cameo
act_0630,Actor,Aaron Paul,Colombiana,1995-03-28,1,False,5.78,Invitado|Protagonista
act_0631,Actor,Oscar Hemsworth,Irlandesa,1951-02-12,22,False,9.55,Secundario
act_0632,Actor,Ewan Arquette,Canadiense,1951-06-06,15,True,2.46,Recurrente|Invitado
act_0633,Actor,Cillian Robbie,Mexicana,1986-05-14,5,True,6.64,Invitado|Protagonista|Recurrente
act_0634,Actor,John Zhao,Británica,1976-08-10,13,True,7.28,Recurrente|Invitado|Antagonista
act_0635,Actor|Director,Kate Yeun,Guatemalteca,1980-02-13,23,True,5.63,Secundario|Protagonista|Recurrente
act_0636,Actor,John Weaver,Británica,1982-10-19,11,True,6.83,Protagonista|Recurrente|Antagonista
act_0637,Actor,Sarah Waller-Bridge,Australiana,1992-12-05,23,True,7.78,Secundario
act_0638,Actor,Bill Fisher,Japonesa,1974-11-12,1,True,4.36,Cameo|Recurrente
act_0639,Actor|Director,Mahershala Luna,Belga,1997-09-20,21,True,5.07,Invitado|Protagonista
act_0640,Actor,Anna Cranston,Española,1975-11-15,2,True,2.48,Invitado
act_0641,Actor|Director,Steve Hemsworth,Argentina,1996-09-17,20,True,3.64,Recurrente|Antagonista|Cameo
act_0642,Actor,Jodie Tennant,Danesa,1951-12-05,9,True,1.57,Recurrente
act_0643,Actor,Halle Waller-Bridge,Alemana,1979-04-11,15,False,5.12,Antagonista|Secundario|Invitado
act_0644,Actor,Antonio Bardem,Italiana,1975-11-07,24,True,2.34,Cameo|Antagonista
act_0645,Actor,Michelle Bateman,Francesa,1966-05-09,5,True,2.45,Protagonista
act_0646,Actor|Director,Zazie Kravitz,Brasileña,1983-03-02,5,True,6.06,Invitado
act_0647,Actor|Director,Zazie Comer,China,1998-06-08,5,True,2.09,Cameo
act_0648,Actor|Director,Chris Hayek,China,1978-09-23,4,True,9.73,Recurrente|Secundario|Invitado
act_0649,Actor,Karla Kravitz,Cubana,2000-09-16,23,False,4.05,Invitado
act_0650,Actor|Director,Robert Paul,Irlandesa,1960-06-26,9,True,4.61,Cameo
act_0651,Actor,Bill Torv,Noruega,1967-07-05,18,True,8.03,Antagonista|Protagonista
act_0652,Actor,Bryan Davis,Holandesa,1957-11-03,16,False,2.75,Recurrente|Invitado
act_0653,Actor,Anthony Bonham Carter,Italiana,1985-09-01,4,False,4.33,Protagonista|Secundario
act_0654,Actor,Jodie Comer,China,2000-05-01,2,True,7.55,Invitado|Cameo
act_0655,Actor,Penélope Ronan,Cubana,1988-01-10,23,False,2.26,Recurrente|Protagonista|Antagonista
act_0656,Actor,Adam Watts,Uruguaya,1997-02-16,10,True,9.4,Cameo|Protagonista|Recurrente
act_0657,Actor,Hannah Stiller,Japonesa,1965-09-09,17,False,7.39,Antagonista
act_0658,Actor,Florence Luna,Irlandesa,1994-01-05,1,True,8.51,Cameo|Recurrente
act_0659,Actor,Demián Phoenix,Cubana,1950-03-22,4,True,3.7,Invitado|Cameo|Protagonista
act_0660,Actor,Daniel Renner,Japonesa,1966-02-03,15,True,1.26,Cameo|Protagonista
act_0661,Actor,Sigourney Wu,Japonesa,1973-02-20,20,False,9.77,Secundario
act_0662,Actor,Anthony Ojeda,Uruguaya,1973-04-14,5,True,2.32,Invitado|Antagonista
act_0663,Actor|Director,Bill Bateman,Italiana,1987-08-21,20,True,1.44,Recurrente|Protagonista
act_0664,Actor,Anthony Wright,Española,1958-06-24,19,True,5.89,Invitado|Secundario
act_0665,Actor,Isla Yeun,Italiana,1958-08-07,17,True,8.41,Antagonista
act_0666,Actor,Lupita Kidman,India,1986-12-18,10,True,1.92,Recurrente
act_0667,Actor|Director,Walton Luna,Guatemalteca,2000-02-14,19,True,4.76,Protagonista
act_0668,Actor,Daniel Pattinson,Belga,1982-07-12,4,False,9.01,Recurrente|Secundario|Antagonista
act_0669,Actor|Director,Diego Watts,Peruana,1960-08-22,7,True,8.71,Invitado
act_0670,Actor|Director,Tatiana Glover,Mexicana,1957-01-19,13,True,1.7,Cameo|Protagonista
act_0671,Actor|Director,Elisabeth Clarke,Holandesa,1996-01-25,18,True,5.22,Protagonista|Invitado
act_0672,Actor|Director,Naomi Renner,Australiana,1961-02-08,19,True,6.29,Antagonista
act_0673,Actor|Director,Jeremy Comer,Mexicana,1974-11-20,18,True,4.17,Invitado|Recurrente|Antagonista
act_0674,Actor|Director,Letitia Orji,Peruana,2001-11-13,24,True,5.76,Antagonista|Secundario|Invitado
act_0675,Actor|Director,Karla Davis,Colombiana,1958-11-08,6,False,4.3,Antagonista|Cameo|Protagonista
act_0676,Actor,Bill Lynch,Surafricana,1970-06-01,13,True,7.85,Protagonista|Cameo
act_0677,Actor|Director,Peter Nyong'o,Venezolana,1982-05-30,22,True,6.01,Protagonista
act_0678,Actor|Director,Andrew Hemsworth,Francesa,1990-12-30,19,True,7.18,Antagonista|Recurrente
act_0679,Actor,Hannah McGregor,Japonesa,1966-12-09,2,False,9.45,Antagonista|Protagonista
act_0680,Actor,Hailee Thompson,Coreana,1989-04-20,16,True,2.07,Cameo|Recurrente
act_0681,Actor,Emilia Bichir,Española,1955-10-22,11,True,4.05,Cameo|Protagonista|Antagonista
act_0682,Actor,Eva Colman,Brasileña,2002-03-17,18,True,7.81,Cameo|Secundario|Invitado
act_0683,Actor,Jeremy Huy Quan,India,1995-11-19,8,True,7.91,Protagonista
act_0684,Actor,Penelope Thompson,Danesa,1962-01-28,0,True,7.64,Cameo
act_0685,Actor,Hailee Murphy,Coreana,2004-03-29,21,True,2.37,Recurrente|Protagonista|Invitado
act_0686,Actor,Pedro Souza,India,1991-10-23,6,True,6.96,Recurrente|Secundario
act_0687,Actor,Sterling Grant,Irlandesa,1999-01-15,0,True,9.92,Cameo
act_0688,Actor,Oscar Beetz,China,1991-03-29,1,True,2.59,Secundario|Antagonista|Cameo
act_0689,Actor,Donald Huerta,Venezolana,1959-10-25,18,False,6.94,Recurrente|Invitado|Cameo
act_0690,Actor,Brie Rae,Surafricana,1955-01-01,12,True,5.45,Recurrente|Secundario
act_0691,Actor,Salma Kidman,Estadounidense,2002-12-22,1,True,8.53,Invitado|Recurrente
act_0692,Actor,Stephanie Grant,Japonesa,1980-12-18,11,False,4.16,Antagonista|Invitado|Recurrente
act_0693,Actor,Halle Glover,Belga,1955-11-17,9,True,4.04,Recurrente
act_0694,Actor,Andrew Ortega,Uruguaya,1987-11-26,18,False,3.4,Cameo|Recurrente|Protagonista
act_0695,Actor,Zazie Lynch,Alemana,2001-05-13,3,False,1.9,Antagonista|Secundario|Cameo
act_0696,Actor,Letitia González,Alemana,1964-12-13,19,True,4.27,Antagonista|Cameo
act_0697,Actor,Quan Moura,Canadiense,1998-01-27,6,True,3.39,Recurrente|Cameo
act_0698,Actor,Penélope Goggins,Canadiense,2001-11-15,3,True,3.46,Recurrente|Cameo|Invitado
act_0699,Actor,Adam Comer,Danesa,1977-01-29,16,True,4.9,Secundario|Antagonista|Cameo
act_0700,Actor,Michael Cruz,China,1999-02-15,5,True,6.65,Antagonista|Recurrente|Cameo
act_0701,Actor,Rebecca Strong,Colombiana,1991-12-04,8,False,9.41,Invitado|Protagonista|Antagonista
act_0702,Actor|Director,Sigourney Phoenix,Mexicana,1976-12-09,13,False,3.87,Invitado
act_0703,Actor,Adam Moura,Peruana,1975-10-02,20,True,3.31,Antagonista|Cameo|Invitado
act_0704,Actor|Director,Peter Plaza,Chilena,1977-11-10,14,False,6.04,Cameo|Protagonista
act_0705,Actor,Elisabeth Bateman,Estadounidense,1973-03-08,25,True,6.93,Invitado
act_0706,Actor,Sofía Paul,India,1951-10-15,1,True,3.83,Protagonista|Cameo
act_0707,Actor,Sigourney Renner,Canadiense,1985-08-10,23,True,3.12,Invitado|Recurrente|Protagonista
act_0708,Actor,Lupita Renner,Venezolana,1997-02-14,8,False,8.96,Recurrente
act_0709,Actor,Sandra Hayek,Alemana,2002-06-04,23,False,8.25,Antagonista|Cameo|Invitado
act_0710,Actor|Director,Steve Clarke,Brasileña,1989-06-05,13,True,8.77,Cameo
act_0711,Actor,Viola Elba,Australiana,1978-05-24,17,False,5.27,Secundario
act_0712,Actor,Kate Carell,Belga,1982-12-29,9,True,6.81,Protagonista|Invitado|Antagonista
act_0713,Actor,Penelope Ellis Ross,Danesa,1982-07-22,25,True,5.81,Cameo
act_0714,Actor,John Ramsey,Coreana,1972-12-04,9,True,9.43,Secundario
act_0715,Actor,Adam Carbonell,China,1978-06-16,25,False,8.1,Protagonista|Cameo
act_0716,Actor,Brie Bichir,Peruana,1979-11-07,22,False,8.89,Antagonista
act_0717,Actor,Gemma Bardem,Italiana,1987-10-05,19,True,5.08,Protagonista
act_0718,Actor|Director,Halle Berry,China,1962-03-18,0,False,2.8,Secundario|Recurrente
act_0719,Actor|Director,Bryan Dinklage,Surafricana,1961-09-02,19,False,8.13,Cameo|Invitado
act_0720,Actor,Demián Snook,Holandesa,2003-03-16,10,True,2.79,Secundario|Antagonista
act_0721,Actor,Regina Lynch,Guatemalteca,2001-03-04,7,True,9.53,Invitado|Recurrente|Antagonista
act_0722,Actor|Director,Anna Phoenix,Belga,1965-02-20,1,False,6.56,Secundario|Antagonista|Protagonista
act_0723,Actor,Idris Erskine,Australiana,1951-04-08,22,False,7.96,Invitado|Cameo
act_0724,Actor,Sandra Goggins,Argentina,1973-11-18,9,False,4.44,Antagonista|Recurrente
act_0725,Actor,Rebecca García Bernal,Holandesa,1966-12-28,13,True,4.68,Protagonista
act_0726,Actor,Idris Wu,China,1957-09-10,0,False,2.2,Invitado|Cameo
act_0727,Actor,Steven Hall,Belga,1987-12-23,23,True,1.66,Protagonista|Invitado|Secundario
act_0728,Actor,Patricia Larson,Noruega,2003-09-02,22,True,1.05,Recurrente|Cameo|Secundario
act_0729,Actor,Regina Renner,Guatemalteca,2000-03-14,1,True,3.34,Cameo|Secundario|Invitado
act_0730,Actor,Bryan Torv,Surafricana,1988-11-03,4,True,2.05,Antagonista
act_0731,Actor,Chris Luna,Italiana,1988-08-02,9,True,6.52,Recurrente|Secundario
act_0732,Actor,Matt Erskine,India,1963-07-28,17,False,1.48,Protagonista
act_0733,Actor|Director,Tatiana Pugh,Brasileña,1964-09-03,22,False,4.93,Protagonista|Cameo
act_0734,Actor,Bill Luna,China,1994-03-25,3,True,2.11,Antagonista
act_0735,Actor,Nicole Pugh,Colombiana,1995-08-23,8,True,6.25,Recurrente
act_0736,Actor|Director,Salma Kravitz,Canadiense,1972-02-01,24,False,7.09,Protagonista|Secundario
act_0737,Actor|Director,Steven Yeun,Italiana,2002-12-18,3,True,2.38,Cameo
act_0738,Actor,Diego Luna,China,1974-03-01,19,True,3.96,Invitado
act_0739,Actor,Michelle Isaac,Colombiana,2001-01-23,4,True,8.77,Secundario|Invitado|Protagonista
act_0740,Actor,Tessa Hathaway,Noruega,1984-03-20,2,False,3.3,Cameo
act_0741,Actor|Director,Sofía Driver,Venezolana,1986-02-06,9,True,2.09,Cameo|Secundario
act_0742,Actor|Director,Steven Huy Quan,Holandesa,1958-08-16,11,True,5.41,Cameo|Secundario
act_0743,Actor,Yvonne Driver,Venezolana,1987-11-28,25,True,6.52,Invitado|Cameo
act_0744,Actor,Anna Paul,China,1970-02-12,20,True,9.38,Invitado|Recurrente|Protagonista
act_0745,Actor,Ewan Phoenix,Cubana,1992-11-06,9,True,9.86,Secundario|Antagonista|Cameo
act_0746,Actor|Director,Ewan Orji,Canadiense,1954-01-17,16,True,5.6,Protagonista|Cameo
act_0747,Actor,Yvonne Iñárritu,Brasileña,2002-07-14,2,True,2.03,Cameo|Antagonista|Recurrente
act_0748,Actor|Director,Eva King,Japonesa,1976-09-14,10,False,7.82,Recurrente|Secundario
act_0749,Actor|Director,Hugh González,Española,1957-01-07,23,True,8.84,Cameo
act_0750,Actor|Director,Viola Kaluuya,Australiana,1951-03-12,5,False,5.14,Invitado|Recurrente
act_0751,Actor,Yalitza Thompson,Peruana,2005-05-01,11,False,8.24,Antagonista
act_0752,Actor|Director,Sarah Ramsey,Peruana,1951-06-05,22,True,8.73,Cameo
act_0753,Actor,Daniel Carell,Japonesa,1998-04-27,6,True,3.71,Antagonista|Cameo
act_0754,Actor|Director,Olivia Kaluuya,Guatemalteca,1963-09-04,23,False,9.67,Protagonista|Cameo
act_0755,Actor,Constance Bailey,Sueca,1985-02-22,1,True,1.07,Invitado|Cameo|Recurrente
act_0756,Actor,Wagner Hemsworth,Noruega,1999-09-24,9,True,5.39,Recurrente|Invitado
act_0757,Actor,Yalitza Lee Curtis,Guatemalteca,1993-10-09,7,True,5.75,Recurrente|Secundario
act_0758,Actor,Tracee Ruffalo,Danesa,1987-06-04,15,True,5.45,Secundario|Cameo|Recurrente
act_0759,Actor,Daniel Bateman,Argentina,1992-02-06,11,False,3.09,Recurrente
act_0760,Actor,Steven Grant,Uruguaya,1992-01-11,4,True,7.51,Cameo|Secundario
act_0761,Actor,Antonio Larson,Uruguaya,1964-07-15,19,True,3.54,Protagonista|Cameo|Antagonista
act_0762,Actor|Director,Henry Moss,India,1959-01-20,25,False,9.49,Secundario|Antagonista
act_0763,Actor|Director,Adam Rae,Estadounidense,1982-03-10,8,True,7.09,Recurrente
act_0764,Actor|Director,Jenna González,Japonesa,1960-03-23,19,True,2.09,Cameo
act_0765,Actor,Javier Grant,Venezolana,1954-03-10,24,True,9.07,Recurrente|Invitado|Protagonista
act_0766,Actor,Diego Almodóvar,China,1991-01-05,24,True,9.77,Recurrente|Protagonista|Invitado
act_0767,Actor|Director,Maya Hsu,Argentina,1982-06-12,5,True,7.37,Cameo|Protagonista|Antagonista
act_0768,Actor|Director,Phoebe Iñárritu,Uruguaya,1968-02-11,14,False,7.92,Antagonista
act_0769,Actor,Diego González,Francesa,1995-04-23,5,True,3.39,Cameo|Secundario|Antagonista
act_0770,Actor,Karla Ali,Chilena,1962-05-19,25,False,4.72,Cameo|Recurrente
act_0771,Actor,Antonio Yeun,Estadounidense,1989-09-15,4,True,7.46,Protagonista|Invitado|Secundario
act_0772,Actor,Zazie B. Jordan,Española,1988-12-10,1,False,7.83,Invitado|Antagonista|Protagonista
act_0773,Actor,Stephanie Huerta,Guatemalteca,1996-08-19,9,False,4.62,Invitado|Recurrente|Secundario
act_0774,Actor,Bella García Bernal,Surafricana,2004-10-05,4,False,5.02,Recurrente
act_0775,Actor,Michelle del Castillo,China,1980-12-22,25,False,7.98,Protagonista|Invitado
act_0776,Actor,Viola Waller-Bridge,Colombiana,1961-04-21,16,True,2.92,Recurrente|Secundario|Invitado
act_0777,Actor|Director,Karla Stiller,Estadounidense,1998-06-10,18,True,3.17,Invitado|Cameo
act_0778,Actor,Letitia Dinklage,Peruana,1983-06-18,8,True,2.11,Protagonista|Cameo|Secundario
act_0779,Actor|Director,Zoë Bichir,Alemana,1971-03-08,25,True,4.15,Invitado|Recurrente
act_0780,Actor,Hailee Snook,Surafricana,1972-03-20,3,True,5.65,Secundario
act_0781,Actor|Director,Margot Harington,Japonesa,1986-12-20,2,True,1.56,Cameo
act_0782,Actor|Director,Rebecca Isaac,Holandesa,1997-03-19,12,False,8.85,Cameo|Invitado|Recurrente
act_0783,Actor,Chloé Thompson,Japonesa,1964-08-11,4,True,5.36,Antagonista|Recurrente
act_0784,Actor,Mahershala Bullock,China,1992-06-19,1,True,9.5,Protagonista|Recurrente
act_0785,Actor|Director,Sofía Einbinder,Italiana,2001-04-18,9,True,5.7,Secundario
act_0786,Actor,Donald Elba,India,1952-07-05,25,True,2.28,Cameo|Protagonista|Secundario
act_0787,Actor|Director,Nicole Hall,Colombiana,1993-11-07,0,True,5.93,Protagonista
act_0788,Actor,David Pattinson,Sueca,1990-08-02,10,False,5.28,Recurrente|Antagonista|Invitado
act_0789,Actor,Letitia Stiller,China,1990-04-16,4,True,1.8,Invitado|Recurrente|Cameo
act_0790,Actor,John Maslany,Alemana,1998-07-15,1,False,7.62,Protagonista|Antagonista|Invitado
act_0791,Actor,Antonio Hayek,Irlandesa,1961-02-08,20,True,2.73,Recurrente|Invitado|Protagonista
act_0792,Actor|Director,Yvonne Nyong'o,India,1995-02-04,0,True,6.92,Antagonista|Protagonista|Secundario
act_0793,Actor,Kate Driver,Belga,2001-12-29,14,True,8.26,Secundario|Cameo|Protagonista
act_0794,Actor,Tessa Carbonell,Alemana,1989-03-17,5,False,1.22,Secundario|Cameo|Invitado
act_0795,Actor|Director,Kit K. Brown,Mexicana,1966-05-22,8,True,2.39,Invitado|Antagonista
act_0796,Actor,Helena Lee Curtis,Española,1952-06-09,22,True,3.68,Secundario
act_0797,Actor,Steve Einbinder,Brasileña,1983-09-09,3,True,2.82,Recurrente|Antagonista|Cameo
act_0798,Actor,Anthony Souza,Australiana,1974-02-28,1,True,5.18,Protagonista|Cameo
act_0799,Actor,Cillian Einbinder,Guatemalteca,1951-09-03,8,True,3.22,Invitado|Antagonista|Secundario
act_0800,Actor,Yvonne Einbinder,Uruguaya,1994-11-24,6,True,4.36,Antagonista
