resena_id,serie_id,verificada,temporadaResenada,contieneSpoilers
res_0001,ser_0918,False,4,True
res_0002,ser_1923,False,1,True
res_0003,ser_1665,True,5,True
res_0004,ser_1935,True,2,True
res_0005,ser_2064,True,2,False
res_0006,ser_2578,False,3,True
res_0007,ser_0780,False,2,False
res_0008,ser_2380,True,1,True
res_0009,ser_2693,True,4,False
res_0010,ser_0227,True,5,True
res_0011,ser_1638,False,5,True
res_0012,ser_2911,True,4,True
res_0013,ser_1416,True,2,True
res_0014,ser_2748,False,5,True
res_0015,ser_1309,False,4,True
res_0016,ser_1294,False,5,True
res_0017,ser_2052,True,2,False
res_0018,ser_2256,True,4,True
res_0019,ser_0582,False,1,False
res_0020,ser_0099,False,5,True
res_0021,ser_1837,False,1,False
res_0022,ser_2265,True,2,True
res_0023,ser_2281,False,2,False
res_0024,ser_0424,True,1,True
res_0025,ser_1524,False,2,False
res_0026,ser_0837,True,3,False
res_0027,ser_1617,True,1,True
res_0028,ser_1522,False,3,True
res_0029,ser_1340,True,4,False
res_0030,ser_0536,False,1,True
res_0031,ser_2184,False,4,True
res_0032,ser_1312,False,3,True
res_0033,ser_2064,True,1,True
res_0034,ser_1181,True,2,False
res_0035,ser_1241,True,4,False
res_0036,ser_0487,True,2,False
res_0037,ser_0366,True,5,True
res_0038,ser_0185,True,5,False
res_0039,ser_2269,False,1,True
res_0040,ser_2552,False,5,False
res_0041,ser_2659,True,2,False
res_0042,ser_2304,True,4,True
res_0043,ser_1487,False,2,True
res_0044,ser_0966,True,2,False
res_0045,ser_2510,True,1,True
res_0046,ser_1065,True,5,False
res_0047,ser_2254,False,5,False
res_0048,ser_0042,True,3,True
res_0049,ser_1835,False,4,False
res_0050,ser_1665,False,2,False
res_0051,ser_2235,False,1,True
res_0052,ser_0415,True,5,True
res_0053,ser_1799,True,3,True
res_0054,ser_1808,False,4,False
res_0055,ser_2393,False,1,True
res_0056,ser_2275,True,3,True
res_0057,ser_2671,False,2,False
res_0058,ser_0707,True,2,True
res_0059,ser_1364,True,2,False
res_0060,ser_1071,False,1,False
res_0061,ser_1171,True,2,True
res_0062,ser_1897,False,5,False
res_0063,ser_2470,True,4,True
res_0064,ser_0675,False,2,False
res_0065,ser_1153,True,2,False
res_0066,ser_1784,True,2,True
res_0067,ser_1447,True,1,True
res_0068,ser_0362,False,4,False
res_0069,ser_0037,True,5,True
res_0070,ser_1972,False,5,False
res_0071,ser_2652,False,1,True
res_0072,ser_1603,True,4,True
res_0073,ser_0868,False,1,False
res_0074,ser_1849,False,3,True
res_0075,ser_1760,True,1,True
res_0076,ser_2379,True,3,True
res_0077,ser_2810,True,5,False
res_0078,ser_1709,False,1,False
res_0079,ser_1068,True,1,False
res_0080,ser_1799,True,4,False
res_0081,ser_0506,False,4,True
res_0082,ser_0169,True,2,True
res_0083,ser_2680,True,4,True
res_0084,ser_1146,False,2,True
res_0085,ser_0239,False,4,True
res_0086,ser_1131,True,5,False
res_0087,ser_0355,True,4,True
res_0088,ser_0051,True,2,False
res_0089,ser_1187,True,4,False
res_0090,ser_2026,False,2,False
res_0091,ser_2254,False,2,False
res_0092,ser_0514,False,5,False
res_0093,ser_2514,True,1,False
res_0094,ser_0264,True,2,True
res_0095,ser_1714,False,3,False
res_0096,ser_1603,True,4,False
res_0097,ser_1930,True,5,True
res_0098,ser_2370,True,4,True
res_0099,ser_2724,True,3,True
res_0100,ser_0727,False,4,False
res_0101,ser_2934,False,2,True
res_0102,ser_0936,True,4,True
res_0103,ser_0709,False,2,False
res_0104,ser_0460,True,4,False
res_0105,ser_2626,False,5,False
res_0106,ser_1862,False,5,True
res_0107,ser_1756,True,3,False
res_0108,ser_2661,True,2,True
res_0109,ser_0159,False,3,False
res_0110,ser_0474,False,5,True
res_0111,ser_2407,True,2,False
res_0112,ser_1536,True,1,False
res_0113,ser_1280,False,2,False
res_0114,ser_1781,True,3,False
res_0115,ser_1132,False,5,False
res_0116,ser_0388,False,2,True
res_0117,ser_0262,True,3,False
res_0118,ser_1025,True,3,False
res_0119,ser_2908,True,3,False
res_0120,ser_2612,False,4,True
res_0121,ser_0357,False,4,True
res_0122,ser_2672,True,2,True
res_0123,ser_1697,False,5,True
res_0124,ser_0792,True,2,False
res_0125,ser_2376,True,1,False
res_0126,ser_0620,True,3,False
res_0127,ser_2159,True,5,False
res_0128,ser_0405,False,4,False
res_0129,ser_0666,False,3,True
res_0130,ser_1706,False,1,False
res_0131,ser_1925,True,3,False
res_0132,ser_1316,True,3,False
res_0133,ser_0787,True,5,True
res_0134,ser_1891,True,3,True
res_0135,ser_2753,False,1,False
res_0136,ser_2587,False,5,True
res_0137,ser_1926,False,1,True
res_0138,ser_2334,False,4,False
res_0139,ser_2907,True,3,False
res_0140,ser_0843,False,4,True
res_0141,ser_1299,True,2,True
res_0142,ser_2164,False,3,True
res_0143,ser_0518,True,4,False
res_0144,ser_2448,False,4,False
res_0145,ser_1731,True,1,True
res_0146,ser_1054,False,1,True
res_0147,ser_2378,False,2,True
res_0148,ser_0424,False,3,False
res_0149,ser_2625,False,1,True
res_0150,ser_0187,True,2,False
res_0151,ser_0457,False,4,False
res_0152,ser_2760,False,2,True
res_0153,ser_0976,False,3,False
res_0154,ser_1958,False,3,False
res_0155,ser_0314,False,2,True
res_0156,ser_1941,False,5,True
res_0157,ser_2853,True,2,True
res_0158,ser_2967,False,5,False
res_0159,ser_1094,True,1,False
res_0160,ser_2484,True,3,True
res_0161,ser_0389,True,5,True
res_0162,ser_2965,True,1,True
res_0163,ser_2688,True,3,False
res_0164,ser_0615,False,1,True
res_0165,ser_0657,True,1,True
res_0166,ser_2042,True,3,True
res_0167,ser_1757,True,3,False
res_0168,ser_0377,True,5,True
res_0169,ser_1293,False,4,True
res_0170,ser_1268,False,4,False
res_0171,ser_0977,True,1,False
res_0172,ser_2525,True,2,False
res_0173,ser_2717,False,5,True
res_0174,ser_2802,True,4,True
res_0175,ser_2002,False,2,True
res_0176,ser_2956,False,5,True
res_0177,ser_1314,False,1,False
res_0178,ser_0121,True,3,True
res_0179,ser_1659,False,5,True
res_0180,ser_2988,False,4,True
res_0181,ser_1022,False,4,True
res_0182,ser_0430,False,1,False
res_0183,ser_0841,True,3,True
res_0184,ser_1738,False,5,False
res_0185,ser_2442,True,3,True
res_0186,ser_1840,False,3,False
res_0187,ser_2614,True,1,False
res_0188,ser_1825,True,4,False
res_0189,ser_1283,False,5,False
res_0190,ser_1459,False,1,True
res_0191,ser_2261,True,3,True
res_0192,ser_0952,False,3,True
res_0193,ser_2424,True,1,False
res_0194,ser_0288,True,5,False
res_0195,ser_0887,True,1,True
res_0196,ser_0250,True,2,True
res_0197,ser_2944,False,5,False
res_0198,ser_2437,True,5,False
res_0199,ser_0234,True,1,True
res_0200,ser_1990,False,3,True
res_0201,ser_0562,True,2,True
res_0202,ser_0396,False,5,True
res_0203,ser_2290,True,1,False
res_0204,ser_0249,False,1,True
res_0205,ser_1576,True,5,True
res_0206,ser_0651,False,3,False
res_0207,ser_2849,True,5,True
res_0208,ser_1078,False,2,True
res_0209,ser_2207,True,2,False
res_0210,ser_1067,True,4,True
res_0211,ser_0040,True,5,True
res_0212,ser_1295,False,1,True
res_0213,ser_1055,True,4,True
res_0214,ser_0079,True,4,True
res_0215,ser_1055,False,5,False
res_0216,ser_1200,True,1,True
res_0217,ser_1212,False,5,True
res_0218,ser_1156,False,5,True
res_0219,ser_1817,True,4,True
res_0220,ser_2468,True,1,True
res_0221,ser_1574,False,2,False
res_0222,ser_1352,True,2,True
res_0223,ser_1799,True,3,False
res_0224,ser_1971,False,3,False
res_0225,ser_0641,True,2,True
res_0226,ser_1484,False,1,False
res_0227,ser_2432,True,3,False
res_0228,ser_2721,False,2,False
res_0229,ser_1819,False,1,True
res_0230,ser_2937,False,1,False
res_0231,ser_2357,True,1,True
res_0232,ser_2230,False,4,True
res_0233,ser_2061,True,5,False
res_0234,ser_2729,False,5,False
res_0235,ser_1318,False,5,False
res_0236,ser_1862,False,3,True
res_0237,ser_1772,True,2,True
res_0238,ser_1495,False,4,True
res_0239,ser_2657,True,2,False
res_0240,ser_0064,True,2,True
res_0241,ser_2574,True,2,False
res_0242,ser_1137,False,5,True
res_0243,ser_1845,False,2,True
res_0244,ser_1510,True,1,False
res_0245,ser_0542,True,5,False
res_0246,ser_2252,True,5,False
res_0247,ser_1599,False,3,True
res_0248,ser_1368,False,4,True
res_0249,ser_0658,True,3,False
res_0250,ser_2754,False,4,False
res_0251,ser_2643,True,5,True
res_0252,ser_2500,True,3,True
res_0253,ser_1083,False,1,False
res_0254,ser_1975,True,2,True
res_0255,ser_1913,False,1,False
res_0256,ser_2312,False,5,True
res_0257,ser_1367,False,5,False
res_0258,ser_1591,True,5,False
res_0259,ser_2560,True,1,False
res_0260,ser_0087,False,5,True
res_0261,ser_2374,False,5,True
res_0262,ser_2352,True,4,True
res_0263,ser_1554,False,5,False
res_0264,ser_1723,False,4,False
res_0265,ser_2267,False,1,False
res_0266,ser_0393,True,3,True
res_0267,ser_0244,True,2,True
res_0268,ser_0632,False,5,False
res_0269,ser_1464,True,4,True
res_0270,ser_1964,True,2,False
res_0271,ser_2995,False,1,False
res_0272,ser_0838,False,2,False
res_0273,ser_0811,False,5,True
res_0274,ser_2768,True,4,False
res_0275,ser_2944,True,5,False
res_0276,ser_0325,True,4,True
res_0277,ser_1054,False,4,False
res_0278,ser_1555,True,4,False
res_0279,ser_1154,True,4,False
res_0280,ser_0206,False,4,True
res_0281,ser_0033,True,2,True
res_0282,ser_1147,True,4,False
res_0283,ser_1794,True,2,False
res_0284,ser_0324,False,5,True
res_0285,ser_0125,False,4,False
res_0286,ser_0376,False,1,False
res_0287,ser_2721,True,3,False
res_0288,ser_1473,False,2,False
res_0289,ser_2891,False,2,False
res_0290,ser_1971,True,1,False
res_0291,ser_1695,True,1,False
res_0292,ser_2775,True,2,False
res_0293,ser_1371,False,2,True
res_0294,ser_1283,False,2,False
res_0295,ser_0342,False,2,True
res_0296,ser_0340,True,3,True
res_0297,ser_1665,True,1,False
res_0298,ser_1123,False,3,True
res_0299,ser_2058,False,5,False
res_0300,ser_0693,False,1,False
res_0301,ser_2716,False,1,False
res_0302,ser_2123,False,4,True
res_0303,ser_2286,True,2,True
res_0304,ser_2750,False,4,True
res_0305,ser_2247,True,2,True
res_0306,ser_1225,False,3,False
res_0307,ser_0077,False,3,False
res_0308,ser_0508,True,1,True
res_0309,ser_1033,False,2,True
res_0310,ser_2973,True,2,False
res_0311,ser_1824,False,1,True
res_0312,ser_0319,True,3,False
res_0313,ser_2442,True,5,True
res_0314,ser_0498,False,1,True
res_0315,ser_1772,True,2,False
res_0316,ser_0025,True,3,False
res_0317,ser_1486,False,1,False
res_0318,ser_1776,True,5,True
res_0319,ser_2267,True,2,True
res_0320,ser_2602,True,1,True
res_0321,ser_1490,True,2,True
res_0322,ser_1149,False,5,True
res_0323,ser_0185,False,2,True
res_0324,ser_1602,True,3,False
res_0325,ser_0677,False,2,False
res_0326,ser_0060,False,4,True
res_0327,ser_0158,True,4,True
res_0328,ser_0987,True,1,True
res_0329,ser_0433,True,3,True
res_0330,ser_2889,True,2,False
res_0331,ser_0790,True,3,False
res_0332,ser_2000,True,1,True
res_0333,ser_1473,True,1,True
res_0334,ser_2291,True,5,False
res_0335,ser_0820,False,1,False
res_0336,ser_1322,False,3,True
res_0337,ser_2309,False,3,False
res_0338,ser_1283,False,4,True
res_0339,ser_2799,False,4,True
res_0340,ser_0209,True,5,False
res_0341,ser_0519,True,4,False
res_0342,ser_1743,True,4,True
res_0343,ser_0196,True,1,True
res_0344,ser_0860,False,2,False
res_0345,ser_1568,False,1,True
res_0346,ser_1411,False,1,True
res_0347,ser_2197,True,4,True
res_0348,ser_0644,True,5,False
res_0349,ser_1942,False,1,False
res_0350,ser_2833,False,1,False
res_0351,ser_0380,True,2,True
res_0352,ser_2589,False,2,True
res_0353,ser_2473,False,5,False
res_0354,ser_1568,True,2,False
res_0355,ser_2506,False,5,False
res_0356,ser_2469,True,5,True
res_0357,ser_1798,False,4,False
res_0358,ser_2498,True,4,True
res_0359,ser_2325,True,3,True
res_0360,ser_0851,False,1,False
res_0361,ser_1291,True,5,False
res_0362,ser_2225,False,3,True
res_0363,ser_0442,False,2,True
res_0364,ser_0190,False,4,True
res_0365,ser_0986,True,4,True
res_0366,ser_0017,True,1,True
res_0367,ser_0100,True,3,True
res_0368,ser_1915,True,3,False
res_0369,ser_1289,False,2,True
res_0370,ser_1462,False,2,False
res_0371,ser_0604,False,1,True
res_0372,ser_2221,False,4,True
res_0373,ser_1483,True,3,False
res_0374,ser_2077,False,3,False
res_0375,ser_0279,True,1,False
res_0376,ser_1635,False,4,True
res_0377,ser_1277,True,1,True
res_0378,ser_1730,False,4,False
res_0379,ser_2728,True,3,True
res_0380,ser_2284,False,5,True
res_0381,ser_2972,False,2,True
res_0382,ser_2188,True,1,True
res_0383,ser_1876,True,2,True
res_0384,ser_2745,False,3,False
res_0385,ser_0230,True,2,False
res_0386,ser_2176,False,3,False
res_0387,ser_1370,False,4,True
res_0388,ser_2161,False,4,True
res_0389,ser_1994,True,3,True
res_0390,ser_0685,False,2,False
res_0391,ser_2467,True,5,True
res_0392,ser_0652,False,5,True
res_0393,ser_0132,True,4,True
res_0394,ser_1037,False,1,True
res_0395,ser_0569,False,1,False
res_0396,ser_0513,False,2,False
res_0397,ser_1729,True,5,True
res_0398,ser_0664,True,1,False
res_0399,ser_0406,True,2,True
res_0400,ser_0956,False,3,False
res_0401,ser_2198,True,2,False
res_0402,ser_1036,False,4,True
res_0403,ser_0356,False,4,True
res_0404,ser_2272,True,4,True
res_0405,ser_2892,True,1,False
res_0406,ser_1498,True,1,True
res_0407,ser_1690,False,5,False
res_0408,ser_2321,False,3,False
res_0409,ser_2429,False,3,True
res_0410,ser_1944,False,2,True
res_0411,ser_2666,False,4,False
res_0412,ser_2764,True,3,False
res_0413,ser_0813,False,3,True
res_0414,ser_2333,True,5,True
res_0415,ser_0484,True,4,False
res_0416,ser_0138,False,1,False
res_0417,ser_1054,True,3,True
res_0418,ser_0575,True,3,True
res_0419,ser_2753,True,3,True
res_0420,ser_2872,True,3,False
res_0421,ser_2298,True,3,False
res_0422,ser_2758,False,4,True
res_0423,ser_1636,False,2,True
res_0424,ser_1876,False,4,True
res_0425,ser_0596,True,5,True
res_0426,ser_2840,False,3,True
res_0427,ser_2607,True,2,True
res_0428,ser_1212,False,5,True
res_0429,ser_0306,True,4,True
res_0430,ser_2081,True,4,False
res_0431,ser_1064,True,2,False
res_0432,ser_2476,True,4,False
res_0433,ser_1490,False,2,False
res_0434,ser_0937,True,1,False
res_0435,ser_0914,True,4,False
res_0436,ser_2834,True,2,False
res_0437,ser_0981,True,3,False
res_0438,ser_2212,True,1,True
res_0439,ser_0640,False,1,False
res_0440,ser_1264,False,3,False
res_0441,ser_2031,False,4,True
res_0442,ser_0213,False,1,True
res_0443,ser_1520,False,3,False
res_0444,ser_0735,True,2,False
res_0445,ser_2032,False,2,False
res_0446,ser_2546,True,1,False
res_0447,ser_2869,False,2,True
res_0448,ser_0446,True,5,False
res_0449,ser_2402,True,3,False
res_0450,ser_0630,True,1,True
res_0451,ser_1442,True,1,False
res_0452,ser_1829,False,1,False
res_0453,ser_0839,False,5,False
res_0454,ser_0874,True,1,True
res_0455,ser_0389,False,3,False
res_0456,ser_0084,False,1,False
res_0457,ser_2307,False,3,False
res_0458,ser_2608,False,1,False
res_0459,ser_0792,True,1,False
res_0460,ser_2450,False,4,True
res_0461,ser_1176,False,5,True
res_0462,ser_0315,False,5,True
res_0463,ser_0108,False,3,False
res_0464,ser_1228,True,4,True
res_0465,ser_1293,True,2,False
res_0466,ser_0026,True,5,False
res_0467,ser_0937,False,2,True
res_0468,ser_2761,False,1,True
res_0469,ser_0126,False,4,False
res_0470,ser_1455,True,5,True
res_0471,ser_2537,False,2,True
res_0472,ser_2949,True,3,True
res_0473,ser_0333,True,2,False
res_0474,ser_1246,True,2,False
res_0475,ser_2971,False,2,True
res_0476,ser_1383,True,4,False
res_0477,ser_0623,True,3,False
res_0478,ser_0762,False,4,False
res_0479,ser_1537,False,2,False
res_0480,ser_1214,False,1,False
res_0481,ser_0611,False,1,False
res_0482,ser_1962,False,3,True
res_0483,ser_0903,False,5,False
res_0484,ser_1885,False,3,False
res_0485,ser_2357,False,5,False
res_0486,ser_2251,True,4,True
res_0487,ser_2095,True,2,True
res_0488,ser_1922,False,2,False
res_0489,ser_2547,True,5,True
res_0490,ser_0768,True,3,True
res_0491,ser_1364,True,4,False
res_0492,ser_0886,False,4,True
res_0493,ser_2998,False,4,False
res_0494,ser_0748,True,1,False
res_0495,ser_1721,True,1,True
res_0496,ser_2707,False,5,False
res_0497,ser_0913,False,3,False
res_0498,ser_2905,False,5,True
res_0499,ser_2434,False,4,True
res_0500,ser_1422,False,5,True
res_0501,ser_0638,True,2,False
res_0502,ser_0658,True,5,False
res_0503,ser_0205,True,1,False
res_0504,ser_2617,True,4,True
res_0505,ser_2806,False,5,False
res_0506,ser_0206,True,2,True
res_0507,ser_0048,False,4,False
res_0508,ser_1167,False,4,True
res_0509,ser_0265,False,2,False
res_0510,ser_1783,True,2,False
res_0511,ser_2644,True,5,False
res_0512,ser_0742,True,1,False
res_0513,ser_1653,True,5,False
res_0514,ser_1992,False,5,False
res_0515,ser_1732,False,5,False
res_0516,ser_2844,True,2,True
res_0517,ser_2596,False,3,True
res_0518,ser_1133,True,1,False
res_0519,ser_0644,True,1,True
res_0520,ser_0993,False,2,True
res_0521,ser_2939,False,3,False
res_0522,ser_0394,True,4,False
res_0523,ser_1335,False,1,False
res_0524,ser_1532,True,5,False
res_0525,ser_1336,True,3,False
res_0526,ser_2781,False,1,False
res_0527,ser_2137,False,4,False
res_0528,ser_1753,True,1,True
res_0529,ser_0248,True,4,False
res_0530,ser_0831,True,2,True
res_0531,ser_0811,False,4,False
res_0532,ser_1170,False,3,False
res_0533,ser_0368,True,3,True
res_0534,ser_1364,False,5,True
res_0535,ser_2682,False,5,False
res_0536,ser_0800,True,1,False
res_0537,ser_1343,True,5,False
res_0538,ser_0842,True,4,True
res_0539,ser_2815,True,3,True
res_0540,ser_1541,False,1,True
res_0541,ser_0305,True,2,True
res_0542,ser_0290,True,4,False
res_0543,ser_1986,False,1,True
res_0544,ser_2667,True,3,True
res_0545,ser_1701,True,3,False
res_0546,ser_0878,True,2,False
res_0547,ser_2126,True,1,True
res_0548,ser_1886,True,4,False
res_0549,ser_1696,True,3,False
res_0550,ser_1070,True,4,False
res_0551,ser_0712,True,1,True
res_0552,ser_0298,False,2,False
res_0553,ser_1217,True,4,True
res_0554,ser_1540,True,4,False
res_0555,ser_0135,False,1,True
res_0556,ser_2923,False,5,True
res_0557,ser_2834,True,4,False
res_0558,ser_2811,True,1,False
res_0559,ser_1835,False,5,True
res_0560,ser_2155,False,3,False
res_0561,ser_0100,True,1,False
res_0562,ser_1858,True,2,True
res_0563,ser_0397,False,5,False
res_0564,ser_0924,True,3,False
res_0565,ser_2714,True,2,False
res_0566,ser_1277,True,4,True
res_0567,ser_0968,True,5,False
res_0568,ser_2592,True,5,False
res_0569,ser_2826,False,3,False
res_0570,ser_1648,False,4,True
res_0571,ser_1115,True,4,False
res_0572,ser_2727,True,3,True
res_0573,ser_0121,False,3,False
res_0574,ser_0614,False,2,True
res_0575,ser_1385,False,1,True
res_0576,ser_0911,False,2,True
res_0577,ser_2479,False,3,True
res_0578,ser_1223,False,1,False
res_0579,ser_2922,True,4,True
res_0580,ser_1486,False,4,False
res_0581,ser_1478,True,2,True
res_0582,ser_2057,True,3,True
res_0583,ser_0389,True,2,False
res_0584,ser_0460,True,2,True
res_0585,ser_2370,False,4,True
res_0586,ser_1644,False,2,False
res_0587,ser_2570,False,3,True
res_0588,ser_2607,False,5,False
res_0589,ser_1054,True,3,False
res_0590,ser_1391,True,2,True
res_0591,ser_0585,False,3,False
res_0592,ser_1215,True,4,False
res_0593,ser_0204,False,4,True
res_0594,ser_1291,True,2,False
res_0595,ser_1691,True,5,True
res_0596,ser_2137,False,3,False
res_0597,ser_1714,False,3,False
res_0598,ser_0053,False,3,False
res_0599,ser_2707,True,4,False
res_0600,ser_2237,False,4,True
res_0601,ser_2782,True,2,True
res_0602,ser_1438,True,3,True
res_0603,ser_2514,True,5,True
res_0604,ser_1734,True,5,False
res_0605,ser_1167,False,5,True
res_0606,ser_1457,False,1,True
res_0607,ser_0238,False,1,True
res_0608,ser_2377,True,2,False
res_0609,ser_1411,True,4,False
res_0610,ser_1367,False,2,True
res_0611,ser_0483,True,2,False
res_0612,ser_0841,True,1,True
res_0613,ser_2003,True,4,False
res_0614,ser_2160,False,4,False
res_0615,ser_2427,False,2,False
res_0616,ser_2006,True,4,True
res_0617,ser_1202,False,2,False
res_0618,ser_1268,False,5,True
res_0619,ser_1251,False,5,True
res_0620,ser_1289,True,5,False
res_0621,ser_0673,False,2,False
res_0622,ser_0781,True,5,True
res_0623,ser_1316,False,3,True
res_0624,ser_1627,False,2,True
res_0625,ser_2626,True,5,False
res_0626,ser_0656,True,5,False
res_0627,ser_2710,False,4,False
res_0628,ser_2153,True,1,False
res_0629,ser_1973,False,2,True
res_0630,ser_0446,False,5,True
res_0631,ser_1046,False,4,False
res_0632,ser_1150,False,4,False
res_0633,ser_0401,False,3,True
res_0634,ser_1940,False,1,True
res_0635,ser_0511,True,5,True
res_0636,ser_0041,True,1,True
res_0637,ser_0155,True,5,True
res_0638,ser_1771,True,4,False
res_0639,ser_1874,False,5,True
res_0640,ser_2825,True,1,False
res_0641,ser_0622,True,2,True
res_0642,ser_0939,False,3,True
res_0643,ser_1173,False,2,True
res_0644,ser_2829,True,5,True
res_0645,ser_1946,False,2,True
res_0646,ser_0851,True,1,False
res_0647,ser_1629,False,5,True
res_0648,ser_1274,True,2,False
res_0649,ser_2020,True,2,False
res_0650,ser_2809,True,1,False
res_0651,ser_0125,True,5,False
res_0652,ser_2176,False,3,True
res_0653,ser_2598,False,4,True
res_0654,ser_2648,True,1,False
res_0655,ser_1004,True,1,True
res_0656,ser_0686,True,3,False
res_0657,ser_2753,False,3,False
res_0658,ser_2782,False,2,False
res_0659,ser_0318,False,3,True
res_0660,ser_0153,True,5,True
res_0661,ser_1260,True,2,False
res_0662,ser_2231,False,1,True
res_0663,ser_1852,True,3,False
res_0664,ser_2813,False,5,True
res_0665,ser_1944,True,5,False
res_0666,ser_1658,False,4,True
res_0667,ser_1116,True,3,True
res_0668,ser_2149,True,2,False
res_0669,ser_0302,False,3,True
res_0670,ser_0681,True,5,True
res_0671,ser_1094,False,1,False
res_0672,ser_0637,True,5,False
res_0673,ser_2275,False,5,False
res_0674,ser_1795,False,3,True
res_0675,ser_2975,False,1,False
res_0676,ser_1791,False,4,False
res_0677,ser_0063,False,5,True
res_0678,ser_2058,True,4,False
res_0679,ser_0133,True,2,True
res_0680,ser_0271,True,4,False
res_0681,ser_2136,False,4,False
res_0682,ser_2030,False,1,False
res_0683,ser_0861,False,3,False
res_0684,ser_0118,True,4,True
res_0685,ser_0325,True,4,True
res_0686,ser_2842,False,4,True
res_0687,ser_0943,True,1,False
res_0688,ser_1077,True,2,True
res_0689,ser_1527,False,5,True
res_0690,ser_2886,False,2,False
res_0691,ser_2885,False,1,True
res_0692,ser_2620,True,1,False
res_0693,ser_1066,True,3,True
res_0694,ser_1844,True,3,True
res_0695,ser_2461,False,1,True
res_0696,ser_1126,True,2,True
res_0697,ser_1643,True,4,False
res_0698,ser_2625,True,1,True
res_0699,ser_2652,True,1,True
res_0700,ser_1866,False,3,True
res_0701,ser_2637,True,5,False
res_0702,ser_0326,False,2,False
res_0703,ser_0485,True,5,True
res_0704,ser_2205,False,3,True
res_0705,ser_1831,False,2,False
res_0706,ser_1585,False,1,False
res_0707,ser_1601,False,2,False
res_0708,ser_1217,False,3,False
res_0709,ser_1169,False,3,False
res_0710,ser_1877,True,5,False
res_0711,ser_0617,True,4,True
res_0712,ser_1035,False,4,False
res_0713,ser_0371,False,3,True
res_0714,ser_1839,True,4,True
res_0715,ser_2144,False,5,True
res_0716,ser_2192,False,1,False
res_0717,ser_0436,False,2,True
res_0718,ser_2507,False,2,True
res_0719,ser_1976,True,2,True
res_0720,ser_1801,True,3,False
res_0721,ser_2301,True,4,True
res_0722,ser_0584,False,5,True
res_0723,ser_1649,False,3,True
res_0724,ser_0922,True,4,False
res_0725,ser_2662,False,2,True
res_0726,ser_1558,True,4,True
res_0727,ser_2176,True,2,False
res_0728,ser_2762,False,4,False
res_0729,ser_0107,True,5,True
res_0730,ser_0158,True,2,True
res_0731,ser_0545,False,4,True
res_0732,ser_1340,True,4,False
res_0733,ser_2670,False,5,True
res_0734,ser_1347,True,1,False
res_0735,ser_1097,False,3,False
res_0736,ser_2739,True,4,False
res_0737,ser_0057,False,3,False
res_0738,ser_1007,True,2,True
res_0739,ser_1754,False,2,True
res_0740,ser_0253,False,3,False
res_0741,ser_1067,False,1,False
res_0742,ser_0470,True,1,True
res_0743,ser_1074,True,4,True
res_0744,ser_2649,False,2,False
res_0745,ser_1163,False,4,True
res_0746,ser_1898,False,1,False
res_0747,ser_0568,True,5,False
res_0748,ser_1440,True,3,False
res_0749,ser_1765,True,1,True
res_0750,ser_1345,False,2,True
res_0751,ser_1551,True,2,True
res_0752,ser_1313,False,1,False
res_0753,ser_0441,False,4,True
res_0754,ser_2804,False,3,True
res_0755,ser_2597,True,3,True
res_0756,ser_2791,False,2,True
res_0757,ser_1236,True,5,True
res_0758,ser_2238,False,4,False
res_0759,ser_2794,False,4,True
res_0760,ser_2174,True,2,True
res_0761,ser_0993,False,4,False
res_0762,ser_2298,False,4,True
res_0763,ser_2834,False,4,True
res_0764,ser_2781,False,2,True
res_0765,ser_2189,True,5,False
res_0766,ser_2262,False,3,False
res_0767,ser_0187,True,3,False
res_0768,ser_2380,False,5,False
res_0769,ser_0688,True,5,True
res_0770,ser_1957,True,3,False
res_0771,ser_2756,True,4,False
res_0772,ser_1629,False,3,True
res_0773,ser_1776,False,3,False
res_0774,ser_2002,True,4,False
res_0775,ser_1502,False,1,True
res_0776,ser_0790,True,5,False
res_0777,ser_0907,False,1,True
res_0778,ser_1210,False,1,False
res_0779,ser_0100,True,2,False
res_0780,ser_0870,True,1,True
res_0781,ser_1560,True,2,False
res_0782,ser_1857,False,1,True
res_0783,ser_0483,False,5,True
res_0784,ser_1054,False,4,True
res_0785,ser_1869,False,1,True
res_0786,ser_1756,True,2,True
res_0787,ser_0923,False,2,True
res_0788,ser_1145,False,1,True
res_0789,ser_2168,True,1,True
res_0790,ser_2204,True,5,False
res_0791,ser_0102,True,1,False
res_0792,ser_0133,True,5,True
res_0793,ser_1830,True,3,True
res_0794,ser_0572,False,4,True
res_0795,ser_0216,False,4,True
res_0796,ser_1591,True,5,False
res_0797,ser_2267,False,2,True
res_0798,ser_1505,True,5,True
res_0799,ser_2792,False,1,True
res_0800,ser_0439,False,2,True
res_0801,ser_1860,True,4,False
res_0802,ser_1714,True,2,True
res_0803,ser_0027,True,5,False
res_0804,ser_0414,False,4,True
res_0805,ser_1375,False,2,True
res_0806,ser_1882,True,4,True
res_0807,ser_0906,False,2,False
res_0808,ser_0660,True,1,True
res_0809,ser_0070,False,4,False
res_0810,ser_1439,True,3,False
res_0811,ser_1258,True,4,True
res_0812,ser_1481,False,3,True
res_0813,ser_0515,True,4,False
res_0814,ser_2850,True,3,False
res_0815,ser_1440,True,5,True
res_0816,ser_0839,False,3,True
res_0817,ser_2043,False,1,True
res_0818,ser_1068,True,3,False
res_0819,ser_2011,True,4,False
res_0820,ser_2469,False,2,False
res_0821,ser_0100,True,2,False
res_0822,ser_2295,True,3,True
res_0823,ser_1547,True,3,True
res_0824,ser_1383,False,5,True
res_0825,ser_0029,False,3,True
res_0826,ser_2929,True,2,True
res_0827,ser_0471,False,1,True
res_0828,ser_1890,False,2,False
res_0829,ser_1068,False,4,False
res_0830,ser_1065,True,3,False
res_0831,ser_1883,True,2,False
res_0832,ser_1869,False,1,False
res_0833,ser_2215,True,4,False
res_0834,ser_2217,False,3,True
res_0835,ser_1018,True,4,True
res_0836,ser_1074,True,2,False
res_0837,ser_2759,True,5,False
res_0838,ser_2075,True,1,False
res_0839,ser_0034,True,2,False
res_0840,ser_2007,False,2,False
res_0841,ser_0394,True,5,True
res_0842,ser_0009,True,5,True
res_0843,ser_1649,False,1,True
res_0844,ser_2315,False,3,False
res_0845,ser_2622,True,3,False
res_0846,ser_0975,False,2,True
res_0847,ser_2271,False,2,True
res_0848,ser_2260,False,1,False
res_0849,ser_1869,True,2,True
res_0850,ser_2686,False,1,True
res_0851,ser_2222,False,5,False
res_0852,ser_2418,False,5,False
res_0853,ser_0284,False,1,True
res_0854,ser_2782,True,3,True
res_0855,ser_0634,False,2,True
res_0856,ser_2882,False,2,False
res_0857,ser_1327,True,3,False
res_0858,ser_0941,False,1,False
res_0859,ser_2661,False,5,True
res_0860,ser_0400,False,4,False
res_0861,ser_0852,True,1,True
res_0862,ser_2464,True,2,False
res_0863,ser_1343,False,5,True
res_0864,ser_2218,False,2,True
res_0865,ser_1146,True,2,True
res_0866,ser_0181,True,3,False
res_0867,ser_2213,True,4,False
res_0868,ser_2712,True,5,True
res_0869,ser_1169,False,5,True
res_0870,ser_0528,True,3,False
res_0871,ser_2242,False,4,True
res_0872,ser_2676,True,1,True
res_0873,ser_1120,False,2,True
res_0874,ser_0476,False,5,True
res_0875,ser_1741,False,4,False
res_0876,ser_2182,False,3,False
res_0877,ser_2811,True,5,False
res_0878,ser_0122,True,2,True
res_0879,ser_2626,False,4,True
res_0880,ser_0552,True,3,True
res_0881,ser_2309,False,3,False
res_0882,ser_2275,False,4,True
res_0883,ser_1464,True,5,False
res_0884,ser_2215,True,5,True
res_0885,ser_0688,True,3,True
res_0886,ser_0221,True,5,True
res_0887,ser_1022,False,4,False
res_0888,ser_2567,True,3,False
res_0889,ser_2824,True,2,False
res_0890,ser_1976,False,1,True
res_0891,ser_2419,True,1,True
res_0892,ser_1427,False,5,True
res_0893,ser_0423,False,2,False
res_0894,ser_1886,False,1,True
res_0895,ser_1546,False,5,False
res_0896,ser_2235,False,3,True
res_0897,ser_1058,True,4,True
res_0898,ser_2605,True,5,True
res_0899,ser_1602,True,5,False
res_0900,ser_1296,False,5,True
res_0901,ser_1697,True,4,False
res_0902,ser_2623,True,5,False
res_0903,ser_1305,True,5,False
res_0904,ser_2545,False,1,False
res_0905,ser_2624,True,2,True
res_0906,ser_2124,False,5,True
res_0907,ser_1258,True,3,False
res_0908,ser_0827,True,5,False
res_0909,ser_1308,False,4,False
res_0910,ser_1106,True,3,True
res_0911,ser_0824,False,1,True
res_0912,ser_1051,True,1,True
res_0913,ser_2586,False,2,False
res_0914,ser_2785,True,3,True
res_0915,ser_1631,False,1,True
res_0916,ser_0155,False,1,False
res_0917,ser_0362,False,5,True
res_0918,ser_0811,False,2,True
res_0919,ser_2700,True,2,True
res_0920,ser_0581,True,5,True
res_0921,ser_1309,False,4,False
res_0922,ser_0070,True,4,False
res_0923,ser_0677,True,5,False
res_0924,ser_2723,False,1,False
res_0925,ser_1519,True,5,True
res_0926,ser_2509,False,3,False
res_0927,ser_1415,False,4,False
res_0928,ser_0516,True,2,False
res_0929,ser_1517,True,1,False
res_0930,ser_1605,True,1,True
res_0931,ser_1626,True,3,False
res_0932,ser_0745,True,5,False
res_0933,ser_2828,True,1,True
res_0934,ser_1923,True,4,False
res_0935,ser_2752,False,2,True
res_0936,ser_0446,True,5,False
res_0937,ser_0495,False,3,False
res_0938,ser_1071,False,1,False
res_0939,ser_2832,False,3,False
res_0940,ser_1834,False,1,True
res_0941,ser_0252,True,2,False
res_0942,ser_0663,False,4,False
res_0943,ser_2411,False,1,True
res_0944,ser_0230,True,2,True
res_0945,ser_1127,False,5,False
res_0946,ser_0221,True,4,False
res_0947,ser_0500,True,2,True
res_0948,ser_0811,True,2,True
res_0949,ser_2739,False,2,False
res_0950,ser_2975,False,1,False
res_0951,ser_2434,False,1,True
res_0952,ser_2953,True,3,False
res_0953,ser_1384,True,2,True
res_0954,ser_2380,False,3,False
res_0955,ser_1387,True,5,False
res_0956,ser_1589,False,5,False
res_0957,ser_2639,False,2,True
res_0958,ser_2833,True,3,False
res_0959,ser_1401,True,2,False
res_0960,ser_1496,True,1,False
res_0961,ser_2618,False,4,True
res_0962,ser_2084,False,4,False
res_0963,ser_2860,False,2,True
res_0964,ser_2284,False,5,False
res_0965,ser_1911,False,4,False
res_0966,ser_1560,False,1,True
res_0967,ser_1877,False,5,True
res_0968,ser_2737,False,5,False
res_0969,ser_1682,True,1,True
res_0970,ser_1826,True,5,False
res_0971,ser_1648,True,5,True
res_0972,ser_0699,False,3,False
res_0973,ser_2976,False,3,True
res_0974,ser_2849,False,5,False
res_0975,ser_0779,True,3,False
res_0976,ser_0124,False,3,False
res_0977,ser_0670,False,2,True
res_0978,ser_0253,False,5,False
res_0979,ser_2570,True,3,True
res_0980,ser_0163,False,2,False
res_0981,ser_2146,False,5,True
res_0982,ser_2086,False,1,True
res_0983,ser_0285,False,2,True
res_0984,ser_2999,True,4,True
res_0985,ser_0852,True,4,True
res_0986,ser_0301,True,4,False
res_0987,ser_1426,True,2,True
res_0988,ser_2104,False,2,True
res_0989,ser_1764,False,4,True
res_0990,ser_1416,False,5,True
res_0991,ser_2947,True,4,True
res_0992,ser_0944,False,2,True
res_0993,ser_0325,True,4,False
res_0994,ser_1515,True,5,True
res_0995,ser_2651,False,3,True
res_0996,ser_1425,True,3,True
res_0997,ser_0766,False,1,False
res_0998,ser_2236,True,4,False
res_0999,ser_2946,True,1,True
res_1000,ser_1670,True,5,True
res_1001,ser_0403,True,2,True
res_1002,ser_1851,False,5,False
res_1003,ser_0315,False,1,True
res_1004,ser_0786,False,2,False
res_1005,ser_2641,True,1,False
res_1006,ser_1792,False,4,True
res_1007,ser_0701,True,1,False
res_1008,ser_1746,True,1,True
res_1009,ser_2080,False,4,True
res_1010,ser_2062,False,5,False
res_1011,ser_0398,False,3,False
res_1012,ser_2752,False,1,False
res_1013,ser_0067,False,4,True
res_1014,ser_1563,True,4,True
res_1015,ser_0082,True,5,True
res_1016,ser_0740,True,5,True
res_1017,ser_2166,True,2,True
res_1018,ser_1602,True,4,True
res_1019,ser_2156,False,4,False
res_1020,ser_0177,True,4,True
res_1021,ser_2069,False,3,True
res_1022,ser_2397,True,4,True
res_1023,ser_0270,True,1,True
res_1024,ser_2394,False,4,False
res_1025,ser_2582,True,2,True
res_1026,ser_2499,False,4,False
res_1027,ser_2309,True,3,False
res_1028,ser_2839,True,2,True
res_1029,ser_0431,False,3,False
res_1030,ser_2934,False,5,False
res_1031,ser_0242,True,5,False
res_1032,ser_1621,True,4,False
res_1033,ser_2710,True,5,True
res_1034,ser_0700,False,1,False
res_1035,ser_2211,True,2,True
res_1036,ser_0023,True,2,True
res_1037,ser_0040,True,5,False
res_1038,ser_2191,False,3,True
res_1039,ser_1624,True,2,True
res_1040,ser_1184,True,1,True
res_1041,ser_2826,False,3,False
res_1042,ser_2655,False,2,True
res_1043,ser_1239,True,4,True
res_1044,ser_1299,True,4,False
res_1045,ser_2360,True,4,False
res_1046,ser_0260,False,1,True
res_1047,ser_1682,True,2,False
res_1048,ser_2743,False,5,False
res_1049,ser_1796,True,4,True
res_1050,ser_0429,False,2,True
res_1051,ser_1170,False,1,True
res_1052,ser_2968,True,4,True
res_1053,ser_2015,True,1,False
res_1054,ser_1750,True,2,True
res_1055,ser_1514,False,4,False
res_1056,ser_1027,True,1,False
res_1057,ser_2255,True,4,False
res_1058,ser_2469,True,3,True
res_1059,ser_0179,False,4,False
res_1060,ser_2907,True,3,False
res_1061,ser_2462,False,5,True
res_1062,ser_0311,True,2,True
res_1063,ser_0289,False,3,False
res_1064,ser_0357,True,1,True
res_1065,ser_2902,True,4,False
res_1066,ser_0911,True,3,True
res_1067,ser_0244,False,2,True
res_1068,ser_1369,True,2,False
res_1069,ser_2590,False,5,False
res_1070,ser_0279,True,5,False
res_1071,ser_0382,False,4,True
res_1072,ser_2627,True,4,False
res_1073,ser_2236,True,3,True
res_1074,ser_2030,True,5,True
res_1075,ser_0121,False,1,False
res_1076,ser_2973,False,5,True
res_1077,ser_2093,True,5,True
res_1078,ser_2564,True,5,False
res_1079,ser_0550,False,4,False
res_1080,ser_0792,False,5,False
res_1081,ser_2642,True,3,True
res_1082,ser_1592,True,5,False
res_1083,ser_0057,False,5,False
res_1084,ser_1467,True,5,True
res_1085,ser_0202,True,3,True
res_1086,ser_2028,False,3,False
res_1087,ser_2900,True,1,True
res_1088,ser_0674,False,5,True
res_1089,ser_0602,False,3,False
res_1090,ser_1092,False,3,False
res_1091,ser_1273,False,4,False
res_1092,ser_1064,True,5,False
res_1093,ser_2966,False,3,False
res_1094,ser_2692,False,3,True
res_1095,ser_0457,True,3,False
res_1096,ser_0349,False,2,True
res_1097,ser_0867,True,1,False
res_1098,ser_1196,True,2,False
res_1099,ser_2943,True,5,True
res_1100,ser_2142,False,3,False
res_1101,ser_0568,True,4,False
res_1102,ser_2672,True,4,True
res_1103,ser_1816,True,1,False
res_1104,ser_1869,True,3,True
res_1105,ser_2060,True,3,True
res_1106,ser_0980,True,2,True
res_1107,ser_0393,True,5,True
res_1108,ser_2283,False,4,False
res_1109,ser_0008,False,2,False
res_1110,ser_2482,True,2,True
res_1111,ser_1281,False,5,True
res_1112,ser_0661,True,5,False
res_1113,ser_2845,True,5,True
res_1114,ser_2860,False,2,False
res_1115,ser_2480,False,4,False
res_1116,ser_1967,True,4,False
res_1117,ser_0169,True,4,False
res_1118,ser_1623,False,3,False
res_1119,ser_1718,False,3,True
res_1120,ser_0542,True,1,True
res_1121,ser_0095,False,1,True
res_1122,ser_0313,True,1,True
res_1123,ser_2631,False,1,True
res_1124,ser_2372,False,1,True
res_1125,ser_0076,False,5,True
res_1126,ser_0430,False,3,False
res_1127,ser_1781,False,5,False
res_1128,ser_0127,True,4,False
res_1129,ser_0822,False,5,False
res_1130,ser_2022,True,3,True
res_1131,ser_1090,False,4,True
res_1132,ser_0442,False,4,True
res_1133,ser_2008,False,1,False
res_1134,ser_2351,False,3,False
res_1135,ser_1723,True,4,False
res_1136,ser_0888,False,2,False
res_1137,ser_2588,False,5,False
res_1138,ser_2390,False,3,True
res_1139,ser_0119,True,1,True
res_1140,ser_2774,False,5,True
res_1141,ser_0177,False,3,True
res_1142,ser_1657,True,3,True
res_1143,ser_2616,True,4,False
res_1144,ser_2322,False,3,True
res_1145,ser_1640,True,3,False
res_1146,ser_2771,False,4,False
res_1147,ser_1067,False,5,True
res_1148,ser_2212,True,5,False
res_1149,ser_0098,False,3,True
res_1150,ser_1509,False,3,True
res_1151,ser_0253,True,1,True
res_1152,ser_0092,True,1,False
res_1153,ser_0295,True,2,False
res_1154,ser_0010,True,3,True
res_1155,ser_2965,False,2,True
res_1156,ser_2779,True,2,True
res_1157,ser_0599,True,3,True
res_1158,ser_0637,False,2,True
res_1159,ser_2508,True,4,False
res_1160,ser_2033,False,4,False
res_1161,ser_0646,True,3,False
res_1162,ser_1685,True,3,False
res_1163,ser_2115,True,5,True
res_1164,ser_0849,True,3,False
res_1165,ser_1382,True,2,True
res_1166,ser_2978,False,2,False
res_1167,ser_1154,False,5,False
res_1168,ser_2469,False,1,False
res_1169,ser_0031,True,5,False
res_1170,ser_0625,True,1,False
res_1171,ser_2056,True,5,True
res_1172,ser_2388,True,4,False
res_1173,ser_2261,False,1,True
res_1174,ser_1011,True,5,True
res_1175,ser_2260,False,5,False
res_1176,ser_2191,False,1,True
res_1177,ser_0706,False,1,True
res_1178,ser_1280,False,1,False
res_1179,ser_1487,True,2,True
res_1180,ser_0568,False,5,False
res_1181,ser_0864,False,4,False
res_1182,ser_1018,True,4,True
res_1183,ser_2528,True,1,True
res_1184,ser_0218,False,4,True
res_1185,ser_2123,False,5,True
res_1186,ser_0319,True,1,True
res_1187,ser_1188,False,4,False
res_1188,ser_1651,False,3,False
res_1189,ser_0435,False,3,False
res_1190,ser_1459,True,2,False
res_1191,ser_0034,False,1,True
res_1192,ser_2659,True,1,False
res_1193,ser_0458,False,2,True
res_1194,ser_1693,True,4,False
res_1195,ser_2940,True,3,False
res_1196,ser_2233,True,3,True
res_1197,ser_2651,False,3,True
res_1198,ser_0534,False,4,False
res_1199,ser_1170,False,1,True
res_1200,ser_2650,False,5,False
res_1201,ser_2842,True,2,True
res_1202,ser_0202,False,4,True
res_1203,ser_0947,True,2,True
res_1204,ser_1174,False,2,True
res_1205,ser_0312,True,4,True
res_1206,ser_2641,False,3,True
res_1207,ser_2122,False,5,True
res_1208,ser_2597,True,3,False
res_1209,ser_1340,True,3,True
res_1210,ser_1442,False,3,True
res_1211,ser_0250,True,4,True
res_1212,ser_0110,False,5,False
res_1213,ser_0428,False,1,True
res_1214,ser_2354,True,5,True
res_1215,ser_1500,False,3,True
res_1216,ser_2600,True,4,False
res_1217,ser_0638,False,4,True
res_1218,ser_0631,True,2,True
res_1219,ser_1714,True,5,False
res_1220,ser_1395,False,5,True
res_1221,ser_2552,True,1,True
res_1222,ser_2350,True,1,True
res_1223,ser_0800,True,1,False
res_1224,ser_1626,True,5,True
res_1225,ser_2743,True,3,True
res_1226,ser_0296,True,4,False
res_1227,ser_2014,True,2,True
res_1228,ser_0764,True,2,False
res_1229,ser_1937,True,2,True
res_1230,ser_1449,False,2,True
res_1231,ser_2029,False,2,True
res_1232,ser_1874,True,3,True
res_1233,ser_1362,True,1,False
res_1234,ser_2981,False,3,True
res_1235,ser_2735,False,1,True
res_1236,ser_0136,False,4,True
res_1237,ser_1492,False,3,True
res_1238,ser_1174,True,4,True
res_1239,ser_2254,True,3,False
res_1240,ser_2921,True,4,False
res_1241,ser_0532,True,4,False
res_1242,ser_0495,False,3,True
res_1243,ser_1278,False,4,True
res_1244,ser_1751,True,5,True
res_1245,ser_0813,True,3,False
res_1246,ser_1353,True,1,False
res_1247,ser_0766,False,1,False
res_1248,ser_1464,False,1,False
res_1249,ser_2999,True,3,True
res_1250,ser_0473,True,4,True
res_1251,ser_2914,True,5,True
res_1252,ser_0598,False,5,False
res_1253,ser_2261,True,4,True
res_1254,ser_2784,True,1,False
res_1255,ser_2132,False,4,True
res_1256,ser_0886,True,1,False
res_1257,ser_0894,True,2,False
res_1258,ser_1663,False,1,False
res_1259,ser_1376,False,5,True
res_1260,ser_1985,False,1,False
res_1261,ser_0024,True,1,False
res_1262,ser_1854,True,1,False
res_1263,ser_0724,False,3,True
res_1264,ser_2965,False,5,True
res_1265,ser_0516,False,1,False
res_1266,ser_0122,False,1,False
res_1267,ser_0430,True,2,False
res_1268,ser_2300,True,1,False
res_1269,ser_1793,False,1,False
res_1270,ser_2467,True,1,False
res_1271,ser_2883,True,3,True
res_1272,ser_1427,False,4,True
res_1273,ser_2370,True,1,False
res_1274,ser_2887,True,1,False
res_1275,ser_1214,True,5,False
res_1276,ser_1746,True,2,False
res_1277,ser_1619,True,1,True
res_1278,ser_2697,False,1,True
res_1279,ser_0358,True,5,False
res_1280,ser_1683,True,3,True
res_1281,ser_1877,False,4,False
res_1282,ser_2398,True,5,True
res_1283,ser_1255,True,4,True
res_1284,ser_2731,True,4,True
res_1285,ser_1713,True,5,True
res_1286,ser_1113,True,2,True
res_1287,ser_2785,False,2,False
res_1288,ser_2796,True,3,True
res_1289,ser_1339,True,2,True
res_1290,ser_1340,True,5,True
res_1291,ser_0100,True,1,True
res_1292,ser_1747,True,3,True
res_1293,ser_2480,False,1,False
res_1294,ser_2574,False,2,True
res_1295,ser_2596,False,4,False
res_1296,ser_2231,False,4,False
res_1297,ser_0545,False,3,False
res_1298,ser_1244,True,1,True
res_1299,ser_2311,False,1,False
res_1300,ser_0801,False,1,False
res_1301,ser_0821,True,4,False
res_1302,ser_2836,True,3,True
res_1303,ser_1306,False,5,False
res_1304,ser_2844,False,2,False
res_1305,ser_1064,False,3,False
res_1306,ser_1858,False,5,False
res_1307,ser_1848,False,2,False
res_1308,ser_0365,True,2,True
res_1309,ser_2642,True,4,False
res_1310,ser_1578,False,1,False
res_1311,ser_2615,False,2,False
res_1312,ser_1337,False,3,True
res_1313,ser_2892,False,5,False
res_1314,ser_0515,False,4,True
res_1315,ser_2590,False,4,False
res_1316,ser_2704,False,4,True
res_1317,ser_0231,False,5,True
res_1318,ser_0763,True,1,True
res_1319,ser_0886,False,5,True
res_1320,ser_1898,True,4,True
res_1321,ser_2358,True,1,False
res_1322,ser_0804,True,2,False
res_1323,ser_1791,False,2,False
res_1324,ser_1513,True,4,False
res_1325,ser_1080,True,1,True
res_1326,ser_2133,True,1,True
res_1327,ser_2871,False,2,False
res_1328,ser_2887,True,2,True
res_1329,ser_2959,False,5,True
res_1330,ser_2254,True,2,True
res_1331,ser_1516,False,2,False
res_1332,ser_1892,False,5,True
res_1333,ser_1809,False,3,False
res_1334,ser_2388,True,3,True
res_1335,ser_0695,True,1,True
res_1336,ser_1114,False,5,False
res_1337,ser_0570,True,1,False
res_1338,ser_2533,True,3,False
res_1339,ser_0384,False,4,False
res_1340,ser_2902,True,5,False
res_1341,ser_0770,False,1,True
res_1342,ser_1200,True,1,False
res_1343,ser_0950,False,2,True
res_1344,ser_2338,False,5,True
res_1345,ser_1207,True,3,False
res_1346,ser_1662,False,1,True
res_1347,ser_2319,True,5,False
res_1348,ser_0797,False,4,True
res_1349,ser_0455,False,5,False
res_1350,ser_1777,True,1,True
res_1351,ser_1890,False,1,True
res_1352,ser_2219,True,5,True
res_1353,ser_1458,True,5,True
res_1354,ser_1108,False,1,True
res_1355,ser_0758,False,1,False
res_1356,ser_2718,True,3,True
res_1357,ser_0289,True,4,False
res_1358,ser_2464,False,4,True
res_1359,ser_2522,True,4,True
res_1360,ser_2941,False,4,True
res_1361,ser_1311,True,4,False
res_1362,ser_2362,True,4,True
res_1363,ser_1414,True,2,False
res_1364,ser_2599,True,4,True
res_1365,ser_0017,False,1,False
res_1366,ser_2251,False,1,True
res_1367,ser_1852,False,2,False
res_1368,ser_2569,True,2,True
res_1369,ser_2831,False,1,False
res_1370,ser_0277,True,3,True
res_1371,ser_1339,False,1,False
res_1372,ser_0229,False,4,False
res_1373,ser_0649,True,4,False
res_1374,ser_2552,True,3,False
res_1375,ser_0657,False,2,True
res_1376,ser_1424,True,4,True
res_1377,ser_2376,False,4,True
res_1378,ser_1217,True,4,True
res_1379,ser_0803,False,3,True
res_1380,ser_1450,True,5,True
res_1381,ser_2720,True,3,False
res_1382,ser_1497,True,3,False
res_1383,ser_1533,False,4,False
res_1384,ser_1870,False,4,True
res_1385,ser_2047,True,4,True
res_1386,ser_1669,False,3,False
res_1387,ser_1212,False,1,True
res_1388,ser_2619,True,3,False
res_1389,ser_0756,False,4,True
res_1390,ser_1566,True,3,True
res_1391,ser_0393,False,5,True
res_1392,ser_2746,False,5,False
res_1393,ser_2451,True,3,True
res_1394,ser_2707,False,2,True
res_1395,ser_2643,False,2,True
res_1396,ser_1318,True,3,False
res_1397,ser_2734,True,5,True
res_1398,ser_1177,False,4,False
res_1399,ser_2313,True,2,False
res_1400,ser_1155,False,4,True
res_1401,ser_1103,False,2,True
res_1402,ser_2755,False,1,False
res_1403,ser_1228,False,5,False
res_1404,ser_2569,False,4,True
res_1405,ser_0713,True,4,False
res_1406,ser_2484,False,3,True
res_1407,ser_1909,False,4,False
res_1408,ser_0380,False,2,False
res_1409,ser_0412,False,1,False
res_1410,ser_1475,True,5,False
res_1411,ser_0253,True,5,True
res_1412,ser_0453,False,1,False
res_1413,ser_2146,False,2,True
res_1414,ser_2915,True,4,False
res_1415,ser_1497,False,5,True
res_1416,ser_1923,False,5,True
res_1417,ser_2706,True,1,True
res_1418,ser_2847,True,1,False
res_1419,ser_2166,False,4,True
res_1420,ser_2789,False,1,False
res_1421,ser_2739,True,4,False
res_1422,ser_1129,False,3,False
res_1423,ser_2062,False,3,False
res_1424,ser_1988,True,5,True
res_1425,ser_0708,False,3,True
res_1426,ser_2127,False,5,False
res_1427,ser_2302,False,3,True
res_1428,ser_0141,False,1,False
res_1429,ser_0764,False,1,False
res_1430,ser_2043,False,5,False
res_1431,ser_0978,True,2,False
res_1432,ser_0243,False,5,True
res_1433,ser_0373,True,4,False
res_1434,ser_0953,False,3,True
res_1435,ser_1371,True,2,True
res_1436,ser_0720,False,5,False
res_1437,ser_0673,True,5,True
res_1438,ser_1873,True,1,False
res_1439,ser_2356,True,1,False
res_1440,ser_0430,True,2,True
res_1441,ser_1337,False,3,False
res_1442,ser_2399,False,5,True
res_1443,ser_0577,True,2,True
res_1444,ser_1027,True,3,True
res_1445,ser_1054,True,5,True
res_1446,ser_1234,False,3,True
res_1447,ser_1198,True,5,False
res_1448,ser_1303,False,4,False
res_1449,ser_1949,False,2,False
res_1450,ser_0402,True,1,False
res_1451,ser_0880,True,3,True
res_1452,ser_1483,True,2,True
res_1453,ser_0007,True,2,True
res_1454,ser_0563,False,4,True
res_1455,ser_0282,False,4,False
res_1456,ser_0213,True,3,True
res_1457,ser_0860,True,3,False
res_1458,ser_2169,False,3,True
res_1459,ser_0652,True,3,True
res_1460,ser_2144,True,3,False
res_1461,ser_2465,True,5,True
res_1462,ser_1169,False,5,False
res_1463,ser_2687,False,5,True
res_1464,ser_2774,False,2,False
res_1465,ser_2315,False,5,True
res_1466,ser_2567,True,1,False
res_1467,ser_0908,True,1,False
res_1468,ser_1253,True,3,True
res_1469,ser_0487,True,3,False
res_1470,ser_2409,True,1,False
res_1471,ser_2331,False,4,False
res_1472,ser_2554,True,3,True
res_1473,ser_0316,False,5,False
res_1474,ser_2317,True,1,False
res_1475,ser_0231,False,4,False
res_1476,ser_0086,True,5,True
res_1477,ser_0911,False,1,True
res_1478,ser_0138,True,2,False
res_1479,ser_0980,True,2,True
res_1480,ser_0374,True,5,True
res_1481,ser_0723,True,1,False
res_1482,ser_0794,True,5,True
res_1483,ser_2719,False,5,False
res_1484,ser_0953,False,5,False
res_1485,ser_2759,False,1,False
res_1486,ser_1336,True,3,True
res_1487,ser_1772,True,3,True
res_1488,ser_0846,True,5,False
res_1489,ser_1807,False,4,True
res_1490,ser_0515,False,4,False
res_1491,ser_1804,True,5,False
res_1492,ser_1206,False,3,False
res_1493,ser_2476,False,5,False
res_1494,ser_2529,False,5,True
res_1495,ser_1754,False,1,False
res_1496,ser_2470,False,3,True
res_1497,ser_1045,False,2,True
res_1498,ser_1906,True,1,True
res_1499,ser_0987,False,3,True
res_1500,ser_1077,True,5,True
