usuario_id,resena_id,fecha,editada,visibilidad
usr_0586,res_0001,2023-01-14,True,privada
usr_0674,res_0002,2023-01-21,False,privada
usr_0782,res_0003,2023-02-19,False,amigos
usr_0628,res_0004,2025-01-14,True,amigos
usr_0161,res_0005,2024-04-06,False,publica
usr_0501,res_0006,2024-10-29,True,amigos
usr_0488,res_0007,2023-05-22,True,privada
usr_0225,res_0008,2024-06-14,False,publica
usr_0512,res_0009,2024-10-27,False,amigos
usr_0773,res_0010,2024-01-16,False,privada
usr_0616,res_0011,2022-02-25,False,privada
usr_0237,res_0012,2024-04-08,True,privada
usr_0163,res_0013,2023-05-02,False,publica
usr_0312,res_0014,2024-05-21,False,amigos
usr_0453,res_0015,2025-02-02,True,publica
usr_0653,res_0016,2025-04-23,True,privada
usr_0688,res_0017,2024-10-10,True,privada
usr_0708,res_0018,2023-02-05,True,publica
usr_0489,res_0019,2023-03-21,True,amigos
usr_0715,res_0020,2023-01-24,True,amigos
usr_0426,res_0021,2022-09-21,True,privada
usr_0249,res_0022,2023-01-11,False,publica
usr_0583,res_0023,2023-08-15,False,amigos
usr_0485,res_0024,2022-01-06,False,amigos
usr_0542,res_0025,2022-03-10,True,privada
usr_0514,res_0026,2022-09-11,True,amigos
usr_0549,res_0027,2024-04-27,True,privada
usr_0493,res_0028,2023-12-30,False,publica
usr_0772,res_0029,2022-01-07,True,amigos
usr_0675,res_0030,2023-08-25,True,publica
usr_0705,res_0031,2025-01-27,True,amigos
usr_0554,res_0032,2024-07-05,True,amigos
usr_0497,res_0033,2024-08-25,False,privada
usr_0157,res_0034,2023-08-10,True,amigos
usr_0479,res_0035,2022-08-28,False,publica
usr_0688,res_0036,2022-06-26,False,publica
usr_0448,res_0037,2022-02-04,False,publica
usr_0365,res_0038,2023-10-01,False,amigos
usr_0657,res_0039,2022-09-24,True,publica
usr_0585,res_0040,2023-09-28,False,publica
usr_0448,res_0041,2022-03-25,False,amigos
usr_0217,res_0042,2023-08-23,False,privada
usr_0312,res_0043,2022-07-19,True,amigos
usr_0227,res_0044,2023-08-31,True,privada
usr_0652,res_0045,2023-05-23,False,publica
usr_0036,res_0046,2025-04-26,False,publica
usr_0742,res_0047,2024-10-12,True,amigos
usr_0309,res_0048,2022-08-13,True,publica
usr_0515,res_0049,2024-10-16,True,publica
usr_0408,res_0050,2022-07-30,False,publica
usr_0642,res_0051,2022-08-11,True,privada
usr_0056,res_0052,2023-10-29,False,amigos
usr_0379,res_0053,2022-11-14,True,amigos
usr_0131,res_0054,2024-10-22,False,publica
usr_0166,res_0055,2025-04-11,False,publica
usr_0039,res_0056,2024-11-01,False,amigos
usr_0238,res_0057,2023-11-21,True,amigos
usr_0285,res_0058,2023-06-27,False,publica
usr_0428,res_0059,2023-06-22,True,privada
usr_0441,res_0060,2024-10-21,False,publica
usr_0611,res_0061,2022-06-26,False,amigos
usr_0748,res_0062,2023-06-05,False,amigos
usr_0022,res_0063,2023-01-29,False,amigos
usr_0334,res_0064,2024-08-31,True,privada
usr_0498,res_0065,2024-06-13,False,amigos
usr_0175,res_0066,2023-12-23,True,privada
usr_0334,res_0067,2022-06-26,True,privada
usr_0157,res_0068,2023-06-08,False,amigos
usr_0075,res_0069,2023-07-14,False,privada
usr_0145,res_0070,2024-01-24,True,amigos
usr_0281,res_0071,2022-01-28,True,privada
usr_0155,res_0072,2023-09-21,True,publica
usr_0634,res_0073,2022-08-04,False,privada
usr_0163,res_0074,2022-11-13,False,privada
usr_0739,res_0075,2024-06-08,False,publica
usr_0127,res_0076,2025-01-05,False,publica
usr_0598,res_0077,2023-08-16,True,privada
usr_0207,res_0078,2024-10-10,False,publica
usr_0517,res_0079,2023-11-08,False,publica
usr_0433,res_0080,2023-01-18,True,amigos
usr_0407,res_0081,2024-09-17,True,publica
usr_0310,res_0082,2024-12-29,True,publica
usr_0105,res_0083,2024-11-14,False,publica
usr_0413,res_0084,2022-11-19,True,amigos
usr_0551,res_0085,2023-03-31,False,privada
usr_0363,res_0086,2024-09-18,True,publica
usr_0267,res_0087,2022-06-22,False,publica
usr_0437,res_0088,2023-01-11,True,privada
usr_0062,res_0089,2022-10-17,False,amigos
usr_0319,res_0090,2022-09-27,False,amigos
usr_0654,res_0091,2022-07-23,True,privada
usr_0426,res_0092,2024-12-20,False,publica
usr_0492,res_0093,2022-02-06,True,privada
usr_0537,res_0094,2024-09-05,False,privada
usr_0406,res_0095,2024-12-28,True,privada
usr_0096,res_0096,2022-08-21,False,privada
usr_0232,res_0097,2024-12-12,True,publica
usr_0203,res_0098,2022-01-21,False,privada
usr_0757,res_0099,2024-03-25,True,amigos
usr_0648,res_0100,2023-08-08,False,publica
usr_0536,res_0101,2022-12-18,True,publica
usr_0473,res_0102,2023-11-08,True,amigos
usr_0213,res_0103,2024-07-17,True,publica
usr_0039,res_0104,2023-05-25,True,publica
usr_0241,res_0105,2025-01-04,False,amigos
usr_0275,res_0106,2022-04-28,True,amigos
usr_0772,res_0107,2024-04-21,False,amigos
usr_0654,res_0108,2023-07-28,True,amigos
usr_0370,res_0109,2024-08-09,False,privada
usr_0193,res_0110,2022-07-14,False,publica
usr_0372,res_0111,2023-08-03,False,amigos
usr_0113,res_0112,2024-05-11,True,privada
usr_0086,res_0113,2022-07-05,True,publica
usr_0008,res_0114,2024-02-24,False,amigos
usr_0398,res_0115,2024-03-27,False,amigos
usr_0389,res_0116,2025-01-30,False,privada
usr_0008,res_0117,2024-07-08,False,amigos
usr_0477,res_0118,2022-08-14,True,publica
usr_0613,res_0119,2023-11-13,False,amigos
usr_0239,res_0120,2024-05-04,False,privada
usr_0378,res_0121,2023-05-04,False,publica
usr_0246,res_0122,2023-01-16,True,amigos
usr_0407,res_0123,2022-02-14,True,publica
usr_0172,res_0124,2024-06-20,False,privada
usr_0309,res_0125,2024-08-22,False,publica
usr_0197,res_0126,2024-10-07,True,privada
usr_0324,res_0127,2024-12-09,True,amigos
usr_0256,res_0128,2023-10-12,True,privada
usr_0265,res_0129,2022-11-18,False,amigos
usr_0313,res_0130,2022-06-02,False,amigos
usr_0759,res_0131,2025-03-20,False,privada
usr_0612,res_0132,2022-04-20,False,amigos
usr_0006,res_0133,2022-09-08,True,privada
usr_0092,res_0134,2022-08-02,True,privada
usr_0107,res_0135,2023-03-13,True,privada
usr_0535,res_0136,2022-11-29,True,amigos
usr_0326,res_0137,2024-01-03,False,privada
usr_0066,res_0138,2023-08-19,True,privada
usr_0059,res_0139,2022-11-01,True,amigos
usr_0287,res_0140,2023-09-13,True,privada
usr_0485,res_0141,2024-06-12,False,privada
usr_0771,res_0142,2023-04-14,True,publica
usr_0301,res_0143,2024-05-15,False,amigos
usr_0531,res_0144,2023-11-24,True,publica
usr_0706,res_0145,2022-10-28,True,amigos
usr_0435,res_0146,2023-04-24,True,privada
usr_0277,res_0147,2024-05-30,True,privada
usr_0295,res_0148,2024-09-01,False,privada
usr_0298,res_0149,2022-08-04,True,publica
usr_0701,res_0150,2024-05-27,True,amigos
usr_0055,res_0151,2023-04-11,True,amigos
usr_0713,res_0152,2023-08-04,False,privada
usr_0247,res_0153,2024-01-31,False,amigos
usr_0618,res_0154,2024-05-23,True,publica
usr_0248,res_0155,2022-04-10,True,amigos
usr_0220,res_0156,2022-08-25,True,amigos
usr_0587,res_0157,2022-02-06,True,publica
usr_0336,res_0158,2023-12-19,False,publica
usr_0544,res_0159,2024-03-10,True,publica
usr_0211,res_0160,2023-08-13,True,amigos
usr_0651,res_0161,2023-12-11,False,publica
usr_0739,res_0162,2024-09-26,True,amigos
usr_0764,res_0163,2024-10-25,True,privada
usr_0126,res_0164,2025-04-08,False,publica
usr_0798,res_0165,2022-06-16,False,privada
usr_0498,res_0166,2022-01-05,True,amigos
usr_0775,res_0167,2022-12-25,False,publica
usr_0268,res_0168,2022-12-24,False,amigos
usr_0207,res_0169,2024-09-30,True,amigos
usr_0693,res_0170,2023-06-02,True,amigos
usr_0609,res_0171,2022-08-18,True,publica
usr_0726,res_0172,2023-12-03,True,privada
usr_0140,res_0173,2022-01-05,True,privada
usr_0757,res_0174,2024-10-09,True,privada
usr_0187,res_0175,2025-04-13,True,publica
usr_0534,res_0176,2022-05-27,False,amigos
usr_0246,res_0177,2022-05-31,False,amigos
usr_0110,res_0178,2023-01-20,True,publica
usr_0267,res_0179,2024-12-11,True,privada
usr_0143,res_0180,2023-04-13,True,publica
usr_0496,res_0181,2024-08-29,False,publica
usr_0599,res_0182,2022-01-25,False,amigos
usr_0532,res_0183,2022-12-14,True,amigos
usr_0115,res_0184,2022-10-15,True,privada
usr_0633,res_0185,2022-05-19,True,amigos
usr_0077,res_0186,2023-07-07,True,publica
usr_0455,res_0187,2023-04-19,True,publica
usr_0214,res_0188,2025-03-23,False,amigos
usr_0376,res_0189,2024-06-19,False,amigos
usr_0239,res_0190,2024-11-28,False,amigos
usr_0271,res_0191,2024-11-12,True,publica
usr_0668,res_0192,2022-04-29,False,publica
usr_0493,res_0193,2023-11-29,False,publica
usr_0476,res_0194,2023-08-27,True,publica
usr_0241,res_0195,2022-02-03,True,amigos
usr_0506,res_0196,2023-04-23,True,privada
usr_0071,res_0197,2022-08-02,False,privada
usr_0027,res_0198,2023-02-25,True,publica
usr_0702,res_0199,2024-10-06,True,publica
usr_0221,res_0200,2022-02-26,False,publica
usr_0595,res_0201,2023-08-11,False,publica
usr_0148,res_0202,2023-07-08,False,privada
usr_0442,res_0203,2023-05-15,False,privada
usr_0329,res_0204,2022-10-03,True,publica
usr_0225,res_0205,2022-09-03,True,publica
usr_0462,res_0206,2023-12-09,True,publica
usr_0322,res_0207,2025-01-05,True,publica
usr_0766,res_0208,2024-06-10,True,privada
usr_0737,res_0209,2023-06-24,True,publica
usr_0323,res_0210,2022-06-23,True,privada
usr_0288,res_0211,2022-04-10,False,amigos
usr_0511,res_0212,2023-05-13,False,publica
usr_0230,res_0213,2022-03-10,False,publica
usr_0491,res_0214,2023-06-06,True,publica
usr_0532,res_0215,2022-01-28,False,publica
usr_0024,res_0216,2024-01-05,False,publica
usr_0217,res_0217,2023-12-20,True,privada
usr_0020,res_0218,2022-10-18,True,privada
usr_0324,res_0219,2022-06-20,True,privada
usr_0482,res_0220,2022-07-02,False,privada
usr_0110,res_0221,2024-02-03,False,amigos
usr_0580,res_0222,2023-09-24,False,publica
usr_0023,res_0223,2023-06-10,True,publica
usr_0282,res_0224,2023-01-22,True,amigos
usr_0235,res_0225,2025-04-10,True,amigos
usr_0167,res_0226,2022-07-24,True,amigos
usr_0389,res_0227,2024-01-19,False,publica
usr_0087,res_0228,2023-01-15,False,privada
usr_0248,res_0229,2023-07-26,False,privada
usr_0469,res_0230,2022-07-09,False,publica
usr_0543,res_0231,2022-01-11,False,amigos
usr_0779,res_0232,2023-04-26,False,publica
usr_0574,res_0233,2022-02-07,False,amigos
usr_0407,res_0234,2023-06-06,True,privada
usr_0047,res_0235,2022-10-31,True,amigos
usr_0551,res_0236,2022-09-17,False,amigos
usr_0469,res_0237,2022-04-28,False,publica
usr_0195,res_0238,2023-06-03,True,privada
usr_0674,res_0239,2022-08-20,True,amigos
usr_0509,res_0240,2024-05-11,True,amigos
usr_0027,res_0241,2023-03-12,True,amigos
usr_0311,res_0242,2024-09-12,False,privada
usr_0364,res_0243,2022-10-04,True,amigos
usr_0369,res_0244,2023-08-01,False,amigos
usr_0332,res_0245,2023-03-20,False,privada
usr_0765,res_0246,2023-11-21,False,amigos
usr_0485,res_0247,2023-05-11,True,privada
usr_0726,res_0248,2023-12-01,True,privada
usr_0461,res_0249,2022-09-25,False,privada
usr_0335,res_0250,2024-10-16,False,amigos
usr_0162,res_0251,2022-02-16,True,privada
usr_0434,res_0252,2023-01-19,True,privada
usr_0314,res_0253,2023-08-08,False,publica
usr_0058,res_0254,2022-07-30,True,amigos
usr_0508,res_0255,2022-10-13,False,amigos
usr_0295,res_0256,2022-08-17,False,publica
usr_0596,res_0257,2022-12-22,True,amigos
usr_0102,res_0258,2023-12-16,True,publica
usr_0492,res_0259,2023-03-03,True,publica
usr_0048,res_0260,2023-02-07,False,privada
usr_0755,res_0261,2023-03-04,True,privada
usr_0443,res_0262,2023-07-31,False,privada
usr_0714,res_0263,2022-08-30,False,amigos
usr_0308,res_0264,2023-05-22,False,privada
usr_0160,res_0265,2022-07-13,False,privada
usr_0358,res_0266,2022-02-26,False,privada
usr_0768,res_0267,2024-02-28,False,amigos
usr_0260,res_0268,2023-08-18,False,amigos
usr_0494,res_0269,2024-12-21,False,publica
usr_0737,res_0270,2025-01-31,True,publica
usr_0010,res_0271,2024-08-30,True,amigos
usr_0590,res_0272,2022-11-21,True,privada
usr_0361,res_0273,2024-06-27,False,publica
usr_0313,res_0274,2024-08-12,True,amigos
usr_0572,res_0275,2025-04-21,True,publica
usr_0609,res_0276,2024-06-12,False,amigos
usr_0492,res_0277,2024-02-25,True,publica
usr_0454,res_0278,2024-02-12,False,publica
usr_0768,res_0279,2024-09-22,False,privada
usr_0527,res_0280,2023-08-09,True,publica
usr_0722,res_0281,2025-03-06,True,amigos
usr_0795,res_0282,2024-07-23,False,privada
usr_0374,res_0283,2023-08-20,False,privada
usr_0031,res_0284,2024-01-28,True,privada
usr_0082,res_0285,2024-11-12,False,amigos
usr_0231,res_0286,2022-04-28,True,amigos
usr_0068,res_0287,2025-03-07,False,privada
usr_0462,res_0288,2024-10-20,True,amigos
usr_0107,res_0289,2024-07-17,True,publica
usr_0610,res_0290,2022-01-12,True,amigos
usr_0176,res_0291,2025-02-03,True,amigos
usr_0744,res_0292,2022-01-01,False,publica
usr_0391,res_0293,2024-05-23,False,privada
usr_0666,res_0294,2023-05-27,True,privada
usr_0483,res_0295,2022-03-05,True,privada
usr_0054,res_0296,2022-05-24,True,publica
usr_0643,res_0297,2024-09-13,True,publica
usr_0720,res_0298,2024-06-14,False,amigos
usr_0263,res_0299,2022-11-03,False,privada
usr_0280,res_0300,2024-03-31,True,publica
usr_0270,res_0301,2022-08-13,False,publica
usr_0109,res_0302,2024-10-18,False,publica
usr_0576,res_0303,2022-04-24,False,amigos
usr_0512,res_0304,2024-09-30,False,amigos
usr_0504,res_0305,2022-04-06,False,privada
usr_0094,res_0306,2023-06-18,True,amigos
usr_0645,res_0307,2022-05-05,False,publica
usr_0337,res_0308,2024-11-14,False,amigos
usr_0523,res_0309,2022-03-30,True,publica
usr_0421,res_0310,2022-08-27,True,privada
usr_0006,res_0311,2022-06-10,False,amigos
usr_0548,res_0312,2024-05-22,False,publica
usr_0232,res_0313,2024-04-21,True,amigos
usr_0258,res_0314,2023-10-23,True,amigos
usr_0507,res_0315,2024-07-25,False,amigos
usr_0550,res_0316,2024-08-27,False,amigos
usr_0377,res_0317,2022-07-30,False,privada
usr_0047,res_0318,2022-09-26,True,publica
usr_0182,res_0319,2025-04-15,False,amigos
usr_0011,res_0320,2022-08-15,True,amigos
usr_0181,res_0321,2024-12-31,False,publica
usr_0475,res_0322,2025-03-26,False,amigos
usr_0789,res_0323,2025-04-11,True,privada
usr_0644,res_0324,2025-01-09,False,publica
usr_0688,res_0325,2022-09-22,False,amigos
usr_0099,res_0326,2022-03-20,True,amigos
usr_0674,res_0327,2022-12-11,False,privada
usr_0736,res_0328,2023-04-09,True,amigos
usr_0638,res_0329,2024-03-12,True,amigos
usr_0447,res_0330,2025-03-18,False,privada
usr_0407,res_0331,2022-09-29,False,amigos
usr_0526,res_0332,2022-05-05,False,amigos
usr_0283,res_0333,2022-02-10,True,privada
usr_0450,res_0334,2025-02-18,False,amigos
usr_0549,res_0335,2022-04-25,False,amigos
usr_0399,res_0336,2024-11-21,False,publica
usr_0774,res_0337,2022-01-12,True,publica
usr_0719,res_0338,2024-12-28,False,publica
usr_0579,res_0339,2024-02-03,False,amigos
usr_0626,res_0340,2023-05-12,True,amigos
usr_0016,res_0341,2025-03-27,False,publica
usr_0467,res_0342,2022-08-21,True,amigos
usr_0787,res_0343,2022-08-31,True,amigos
usr_0494,res_0344,2022-01-01,True,publica
usr_0025,res_0345,2022-12-04,True,amigos
usr_0168,res_0346,2023-01-12,True,publica
usr_0144,res_0347,2023-10-17,False,privada
usr_0338,res_0348,2022-06-15,True,privada
usr_0523,res_0349,2024-01-11,True,privada
usr_0638,res_0350,2023-07-02,False,publica
usr_0767,res_0351,2022-09-18,True,amigos
usr_0265,res_0352,2024-02-05,True,privada
usr_0595,res_0353,2022-11-12,False,amigos
usr_0149,res_0354,2025-04-10,False,publica
usr_0477,res_0355,2025-03-07,True,amigos
usr_0209,res_0356,2022-04-15,True,publica
usr_0047,res_0357,2023-09-10,True,privada
usr_0211,res_0358,2022-06-27,True,publica
usr_0072,res_0359,2024-03-08,False,publica
usr_0305,res_0360,2023-02-04,False,publica
usr_0757,res_0361,2024-02-03,True,publica
usr_0773,res_0362,2022-08-11,False,amigos
usr_0669,res_0363,2025-02-01,False,privada
usr_0690,res_0364,2022-01-17,True,publica
usr_0216,res_0365,2024-12-11,False,privada
usr_0396,res_0366,2022-02-25,False,publica
usr_0006,res_0367,2025-01-23,True,privada
usr_0311,res_0368,2022-11-09,True,privada
usr_0476,res_0369,2024-05-07,True,privada
usr_0030,res_0370,2023-02-01,False,amigos
usr_0539,res_0371,2022-03-30,True,publica
usr_0595,res_0372,2024-08-08,False,amigos
usr_0478,res_0373,2024-03-22,True,publica
usr_0577,res_0374,2024-04-06,True,amigos
usr_0666,res_0375,2025-03-21,False,privada
usr_0794,res_0376,2022-05-10,True,publica
usr_0049,res_0377,2022-12-18,False,publica
usr_0024,res_0378,2024-07-09,False,publica
usr_0104,res_0379,2024-07-23,False,privada
usr_0043,res_0380,2023-03-11,False,amigos
usr_0355,res_0381,2024-12-22,False,publica
usr_0279,res_0382,2023-06-07,False,publica
usr_0709,res_0383,2022-05-03,False,publica
usr_0072,res_0384,2024-05-14,False,privada
usr_0305,res_0385,2025-03-29,False,publica
usr_0025,res_0386,2022-01-18,False,publica
usr_0658,res_0387,2022-08-07,False,publica
usr_0539,res_0388,2023-08-12,False,privada
usr_0328,res_0389,2023-04-27,False,privada
usr_0291,res_0390,2023-11-24,False,publica
usr_0609,res_0391,2023-05-20,True,privada
usr_0558,res_0392,2022-03-21,True,amigos
usr_0139,res_0393,2022-01-29,True,privada
usr_0411,res_0394,2023-11-12,True,privada
usr_0396,res_0395,2024-09-21,False,amigos
usr_0647,res_0396,2023-09-08,False,publica
usr_0576,res_0397,2022-12-24,True,amigos
usr_0475,res_0398,2024-08-25,True,publica
usr_0025,res_0399,2022-08-02,True,publica
usr_0735,res_0400,2025-01-05,False,publica
usr_0208,res_0401,2024-03-10,False,privada
usr_0663,res_0402,2024-05-12,True,publica
usr_0442,res_0403,2024-01-09,True,publica
usr_0657,res_0404,2023-10-02,True,publica
usr_0082,res_0405,2022-11-26,False,amigos
usr_0642,res_0406,2022-03-06,True,amigos
usr_0439,res_0407,2022-03-16,True,amigos
usr_0038,res_0408,2022-04-07,False,publica
usr_0682,res_0409,2023-11-27,False,privada
usr_0099,res_0410,2024-03-30,True,publica
usr_0306,res_0411,2023-10-07,True,privada
usr_0682,res_0412,2024-11-03,False,publica
usr_0793,res_0413,2024-04-23,False,amigos
usr_0410,res_0414,2024-07-05,True,publica
usr_0068,res_0415,2023-03-14,False,publica
usr_0367,res_0416,2023-07-07,False,privada
usr_0431,res_0417,2025-03-24,True,privada
usr_0347,res_0418,2022-05-05,False,amigos
usr_0503,res_0419,2022-06-17,True,privada
usr_0383,res_0420,2023-01-29,True,publica
usr_0655,res_0421,2025-02-28,True,privada
usr_0072,res_0422,2022-12-02,True,amigos
usr_0102,res_0423,2022-02-11,False,publica
usr_0507,res_0424,2023-08-12,True,publica
usr_0735,res_0425,2023-12-08,True,privada
usr_0511,res_0426,2023-08-28,False,publica
usr_0652,res_0427,2024-09-11,True,publica
usr_0793,res_0428,2022-01-21,True,amigos
usr_0675,res_0429,2025-03-18,True,amigos
usr_0629,res_0430,2025-03-13,True,privada
usr_0652,res_0431,2022-09-21,False,amigos
usr_0358,res_0432,2023-01-04,False,amigos
usr_0659,res_0433,2025-03-19,True,publica
usr_0268,res_0434,2024-02-15,False,amigos
usr_0790,res_0435,2023-06-28,False,privada
usr_0479,res_0436,2022-02-11,True,privada
usr_0752,res_0437,2023-08-22,True,publica
usr_0461,res_0438,2022-02-12,True,privada
usr_0127,res_0439,2022-05-31,False,publica
usr_0403,res_0440,2024-11-12,True,amigos
usr_0269,res_0441,2025-04-10,True,privada
usr_0467,res_0442,2024-01-28,True,privada
usr_0637,res_0443,2022-09-24,True,amigos
usr_0415,res_0444,2022-09-24,False,publica
usr_0004,res_0445,2022-04-18,False,amigos
usr_0526,res_0446,2024-11-25,True,amigos
usr_0167,res_0447,2025-04-21,True,amigos
usr_0580,res_0448,2024-01-12,False,amigos
usr_0696,res_0449,2024-11-04,False,publica
usr_0583,res_0450,2024-03-29,True,privada
usr_0430,res_0451,2025-03-28,True,privada
usr_0291,res_0452,2022-07-22,False,amigos
usr_0198,res_0453,2025-03-21,True,amigos
usr_0682,res_0454,2023-11-06,False,privada
usr_0434,res_0455,2024-01-09,True,publica
usr_0021,res_0456,2024-10-18,False,publica
usr_0790,res_0457,2024-08-08,False,amigos
usr_0124,res_0458,2023-04-11,True,publica
usr_0432,res_0459,2022-01-06,True,privada
usr_0393,res_0460,2025-02-13,False,publica
usr_0510,res_0461,2023-01-02,True,amigos
usr_0091,res_0462,2023-06-17,True,amigos
usr_0673,res_0463,2024-07-02,True,privada
usr_0667,res_0464,2023-07-03,False,amigos
usr_0277,res_0465,2022-12-27,False,publica
usr_0285,res_0466,2024-10-06,False,amigos
usr_0462,res_0467,2023-11-10,True,publica
usr_0329,res_0468,2022-11-16,False,amigos
usr_0122,res_0469,2024-12-24,True,amigos
usr_0489,res_0470,2023-07-15,False,publica
usr_0080,res_0471,2024-07-29,True,amigos
usr_0095,res_0472,2023-07-08,True,publica
usr_0788,res_0473,2024-03-14,False,publica
usr_0712,res_0474,2024-05-08,True,publica
usr_0198,res_0475,2024-09-03,True,privada
usr_0061,res_0476,2024-11-30,True,publica
usr_0744,res_0477,2022-04-22,False,publica
usr_0720,res_0478,2024-09-20,False,privada
usr_0101,res_0479,2024-08-05,False,publica
usr_0209,res_0480,2022-01-01,False,privada
usr_0428,res_0481,2022-05-08,False,amigos
usr_0058,res_0482,2024-06-03,False,privada
usr_0056,res_0483,2022-04-29,False,publica
usr_0123,res_0484,2024-06-26,True,privada
usr_0609,res_0485,2024-06-26,False,privada
usr_0050,res_0486,2024-05-10,True,privada
usr_0620,res_0487,2024-11-16,True,publica
usr_0730,res_0488,2025-01-09,True,amigos
usr_0357,res_0489,2024-03-13,True,privada
usr_0515,res_0490,2022-03-15,False,publica
usr_0500,res_0491,2022-02-02,False,publica
usr_0780,res_0492,2022-11-07,True,publica
usr_0457,res_0493,2023-07-22,False,amigos
usr_0548,res_0494,2023-09-24,True,privada
usr_0082,res_0495,2025-03-09,False,privada
usr_0222,res_0496,2025-03-13,False,publica
usr_0088,res_0497,2022-05-09,False,privada
usr_0077,res_0498,2025-04-03,True,publica
usr_0451,res_0499,2024-06-04,False,privada
usr_0062,res_0500,2023-11-04,True,privada
usr_0262,res_0501,2025-03-02,False,amigos
usr_0703,res_0502,2022-04-22,True,privada
usr_0695,res_0503,2022-05-29,False,amigos
usr_0440,res_0504,2022-07-16,True,publica
usr_0478,res_0505,2023-07-24,False,privada
usr_0481,res_0506,2023-12-03,False,privada
usr_0695,res_0507,2024-09-09,True,amigos
usr_0181,res_0508,2023-04-18,False,amigos
usr_0375,res_0509,2022-07-09,True,amigos
usr_0624,res_0510,2023-09-28,False,privada
usr_0271,res_0511,2023-07-08,False,publica
usr_0217,res_0512,2025-03-18,False,privada
usr_0140,res_0513,2023-06-22,False,publica
usr_0770,res_0514,2024-12-24,False,publica
usr_0170,res_0515,2023-04-26,True,privada
usr_0204,res_0516,2025-01-07,True,amigos
usr_0536,res_0517,2022-09-05,True,amigos
usr_0617,res_0518,2022-07-30,True,publica
usr_0255,res_0519,2024-01-11,False,privada
usr_0507,res_0520,2023-10-17,False,amigos
usr_0698,res_0521,2023-07-25,False,publica
usr_0149,res_0522,2023-12-17,False,amigos
usr_0443,res_0523,2025-02-03,False,publica
usr_0229,res_0524,2024-05-10,False,publica
usr_0790,res_0525,2023-09-17,False,privada
usr_0488,res_0526,2024-11-29,False,publica
usr_0356,res_0527,2025-03-26,False,privada
usr_0785,res_0528,2024-11-03,True,amigos
usr_0537,res_0529,2025-01-07,False,amigos
usr_0148,res_0530,2024-07-31,False,publica
usr_0379,res_0531,2022-02-20,True,privada
usr_0098,res_0532,2023-11-23,False,privada
usr_0500,res_0533,2025-04-23,True,amigos
usr_0707,res_0534,2023-01-13,False,publica
usr_0154,res_0535,2024-03-10,True,privada
usr_0373,res_0536,2023-07-07,False,publica
usr_0642,res_0537,2022-12-13,True,amigos
usr_0673,res_0538,2023-06-10,True,publica
usr_0580,res_0539,2023-03-06,True,publica
usr_0695,res_0540,2025-03-13,True,privada
usr_0349,res_0541,2024-12-19,True,publica
usr_0145,res_0542,2025-04-07,False,privada
usr_0190,res_0543,2024-10-11,False,publica
usr_0432,res_0544,2024-01-08,True,publica
usr_0667,res_0545,2022-03-12,False,privada
usr_0144,res_0546,2025-01-25,True,amigos
usr_0527,res_0547,2024-12-11,True,privada
usr_0004,res_0548,2022-12-24,False,amigos
usr_0251,res_0549,2024-11-05,True,amigos
usr_0294,res_0550,2024-09-26,False,privada
usr_0204,res_0551,2024-10-12,True,amigos
usr_0230,res_0552,2024-10-29,False,publica
usr_0525,res_0553,2025-04-25,True,publica
usr_0790,res_0554,2022-12-28,True,privada
usr_0778,res_0555,2024-08-25,False,publica
usr_0094,res_0556,2022-09-09,True,privada
usr_0634,res_0557,2024-03-04,True,amigos
usr_0135,res_0558,2022-09-30,True,privada
usr_0117,res_0559,2022-12-30,False,amigos
usr_0323,res_0560,2022-07-08,True,amigos
usr_0171,res_0561,2022-02-19,False,privada
usr_0134,res_0562,2022-07-03,False,publica
usr_0231,res_0563,2022-05-23,False,privada
usr_0066,res_0564,2022-11-16,False,privada
usr_0221,res_0565,2022-12-28,True,amigos
usr_0612,res_0566,2023-07-22,True,publica
usr_0722,res_0567,2024-08-11,False,amigos
usr_0038,res_0568,2022-04-10,False,privada
usr_0210,res_0569,2023-05-09,False,amigos
usr_0115,res_0570,2022-09-28,False,privada
usr_0591,res_0571,2024-09-20,False,publica
usr_0372,res_0572,2022-07-25,True,privada
usr_0129,res_0573,2024-06-26,False,publica
usr_0601,res_0574,2024-09-05,True,publica
usr_0207,res_0575,2024-04-29,True,publica
usr_0052,res_0576,2024-11-25,True,publica
usr_0227,res_0577,2023-10-18,True,privada
usr_0566,res_0578,2022-10-18,False,amigos
usr_0095,res_0579,2024-11-29,True,privada
usr_0401,res_0580,2023-04-07,True,amigos
usr_0380,res_0581,2024-03-06,False,amigos
usr_0101,res_0582,2022-02-13,False,amigos
usr_0003,res_0583,2022-08-04,True,amigos
usr_0609,res_0584,2022-03-08,True,amigos
usr_0761,res_0585,2024-08-03,False,publica
usr_0288,res_0586,2022-11-23,True,privada
usr_0528,res_0587,2024-06-02,False,amigos
usr_0762,res_0588,2022-12-04,True,privada
usr_0004,res_0589,2022-06-14,False,privada
usr_0690,res_0590,2024-09-26,True,amigos
usr_0299,res_0591,2025-04-07,False,publica
usr_0066,res_0592,2024-01-25,True,amigos
usr_0053,res_0593,2022-02-07,True,amigos
usr_0201,res_0594,2022-10-04,False,publica
usr_0209,res_0595,2022-02-20,False,privada
usr_0661,res_0596,2024-05-31,True,amigos
usr_0203,res_0597,2023-08-29,True,privada
usr_0439,res_0598,2024-01-14,True,privada
usr_0208,res_0599,2023-06-06,True,privada
usr_0192,res_0600,2023-12-11,True,publica
usr_0273,res_0601,2024-03-06,True,publica
usr_0038,res_0602,2025-02-09,False,publica
usr_0193,res_0603,2024-04-11,False,amigos
usr_0600,res_0604,2022-08-12,True,privada
usr_0392,res_0605,2024-04-17,True,privada
usr_0569,res_0606,2023-11-09,True,privada
usr_0362,res_0607,2023-05-23,True,publica
usr_0016,res_0608,2024-11-19,False,amigos
usr_0534,res_0609,2023-05-29,True,publica
usr_0700,res_0610,2023-05-20,False,privada
usr_0578,res_0611,2025-02-26,False,publica
usr_0543,res_0612,2023-11-25,False,amigos
usr_0444,res_0613,2025-01-13,False,amigos
usr_0576,res_0614,2022-08-03,False,amigos
usr_0412,res_0615,2025-04-06,False,publica
usr_0014,res_0616,2024-07-27,True,publica
usr_0497,res_0617,2023-07-23,False,amigos
usr_0120,res_0618,2024-07-20,False,privada
usr_0659,res_0619,2023-10-13,True,privada
usr_0623,res_0620,2022-12-01,True,privada
usr_0233,res_0621,2022-12-09,False,privada
usr_0044,res_0622,2025-03-15,True,privada
usr_0784,res_0623,2022-05-09,True,privada
usr_0460,res_0624,2022-11-04,True,privada
usr_0088,res_0625,2023-12-27,False,privada
usr_0008,res_0626,2023-05-02,False,privada
usr_0747,res_0627,2023-05-26,True,privada
usr_0078,res_0628,2023-08-12,False,amigos
usr_0691,res_0629,2025-02-24,True,publica
usr_0067,res_0630,2024-02-21,False,amigos
usr_0210,res_0631,2024-09-13,True,amigos
usr_0124,res_0632,2024-05-05,True,publica
usr_0668,res_0633,2024-12-29,False,amigos
usr_0237,res_0634,2025-01-22,True,privada
usr_0047,res_0635,2024-01-20,False,publica
usr_0444,res_0636,2022-04-07,True,publica
usr_0636,res_0637,2023-08-06,True,publica
usr_0175,res_0638,2023-02-25,True,publica
usr_0559,res_0639,2023-02-17,False,amigos
usr_0200,res_0640,2022-06-24,True,amigos
usr_0137,res_0641,2024-12-01,False,amigos
usr_0666,res_0642,2023-04-16,True,privada
usr_0412,res_0643,2023-06-07,False,publica
usr_0575,res_0644,2022-07-16,True,publica
usr_0746,res_0645,2024-09-25,False,privada
usr_0354,res_0646,2024-01-18,True,amigos
usr_0205,res_0647,2024-04-15,False,amigos
usr_0516,res_0648,2024-12-03,True,amigos
usr_0524,res_0649,2022-01-30,True,privada
usr_0708,res_0650,2024-11-08,True,publica
usr_0712,res_0651,2022-06-30,True,amigos
usr_0178,res_0652,2024-06-28,True,publica
usr_0337,res_0653,2022-04-29,True,publica
usr_0459,res_0654,2023-07-15,False,amigos
usr_0325,res_0655,2024-11-23,False,publica
usr_0450,res_0656,2024-04-28,True,amigos
usr_0443,res_0657,2022-04-17,False,publica
usr_0067,res_0658,2024-02-29,False,publica
usr_0721,res_0659,2022-01-02,True,amigos
usr_0163,res_0660,2024-05-09,True,amigos
usr_0458,res_0661,2024-04-04,True,amigos
usr_0460,res_0662,2022-05-24,True,privada
usr_0134,res_0663,2022-02-21,False,publica
usr_0666,res_0664,2023-05-07,True,publica
usr_0792,res_0665,2024-04-25,False,privada
usr_0426,res_0666,2024-09-01,True,privada
usr_0520,res_0667,2023-12-03,False,publica
usr_0508,res_0668,2022-10-10,True,publica
usr_0424,res_0669,2023-01-28,True,publica
usr_0580,res_0670,2024-02-12,False,privada
usr_0276,res_0671,2023-01-09,True,publica
usr_0064,res_0672,2024-11-24,True,publica
usr_0602,res_0673,2024-03-26,True,publica
usr_0240,res_0674,2022-11-28,True,publica
usr_0521,res_0675,2023-03-15,True,amigos
usr_0161,res_0676,2022-01-20,True,publica
usr_0124,res_0677,2022-07-28,False,amigos
usr_0743,res_0678,2023-02-28,True,publica
usr_0312,res_0679,2024-01-22,False,amigos
usr_0044,res_0680,2024-07-07,True,privada
usr_0309,res_0681,2022-11-01,False,privada
usr_0683,res_0682,2024-03-18,True,privada
usr_0491,res_0683,2022-08-26,True,publica
usr_0798,res_0684,2022-08-27,True,publica
usr_0199,res_0685,2024-04-11,True,privada
usr_0299,res_0686,2024-08-06,False,privada
usr_0219,res_0687,2024-07-13,False,publica
usr_0371,res_0688,2024-02-27,True,amigos
usr_0022,res_0689,2024-12-10,False,amigos
usr_0623,res_0690,2025-04-20,False,privada
usr_0560,res_0691,2024-08-12,False,publica
usr_0297,res_0692,2024-05-08,True,publica
usr_0456,res_0693,2022-10-10,True,publica
usr_0247,res_0694,2022-12-04,False,amigos
usr_0023,res_0695,2023-03-18,False,privada
usr_0203,res_0696,2024-06-19,True,amigos
usr_0351,res_0697,2024-09-20,True,amigos
usr_0391,res_0698,2023-12-15,True,privada
usr_0076,res_0699,2022-04-18,True,amigos
usr_0498,res_0700,2024-09-23,True,publica
usr_0710,res_0701,2022-09-29,False,amigos
usr_0480,res_0702,2024-08-23,True,privada
usr_0597,res_0703,2023-09-19,True,amigos
usr_0168,res_0704,2023-09-03,False,privada
usr_0603,res_0705,2023-07-26,True,amigos
usr_0398,res_0706,2025-01-23,False,amigos
usr_0598,res_0707,2024-11-29,False,privada
usr_0081,res_0708,2023-05-06,True,privada
usr_0639,res_0709,2023-07-31,True,privada
usr_0191,res_0710,2022-10-10,False,privada
usr_0744,res_0711,2024-04-23,True,publica
usr_0343,res_0712,2025-01-30,False,publica
usr_0326,res_0713,2022-09-11,True,amigos
usr_0245,res_0714,2025-02-18,False,privada
usr_0424,res_0715,2022-08-24,True,amigos
usr_0382,res_0716,2024-07-29,True,publica
usr_0031,res_0717,2023-03-18,False,publica
usr_0463,res_0718,2024-03-18,True,privada
usr_0491,res_0719,2024-04-05,True,amigos
usr_0749,res_0720,2022-05-24,False,amigos
usr_0784,res_0721,2024-12-29,True,amigos
usr_0203,res_0722,2023-09-13,True,publica
usr_0259,res_0723,2023-07-21,False,privada
usr_0321,res_0724,2023-07-05,True,publica
usr_0577,res_0725,2022-07-31,False,publica
usr_0477,res_0726,2025-01-12,False,privada
usr_0181,res_0727,2023-06-06,False,amigos
usr_0025,res_0728,2022-02-08,True,privada
usr_0330,res_0729,2024-03-28,False,publica
usr_0041,res_0730,2022-12-13,True,amigos
usr_0324,res_0731,2023-07-12,False,publica
usr_0468,res_0732,2022-10-25,False,amigos
usr_0096,res_0733,2024-07-08,False,privada
usr_0245,res_0734,2023-09-29,False,privada
usr_0565,res_0735,2024-07-05,False,amigos
usr_0735,res_0736,2024-01-16,False,privada
usr_0067,res_0737,2024-12-30,False,amigos
usr_0499,res_0738,2024-01-25,True,privada
usr_0650,res_0739,2023-07-31,False,publica
usr_0675,res_0740,2023-07-29,False,privada
usr_0447,res_0741,2022-06-05,True,amigos
usr_0617,res_0742,2023-11-15,False,publica
usr_0656,res_0743,2024-05-30,False,amigos
usr_0766,res_0744,2024-11-12,True,amigos
usr_0519,res_0745,2022-05-30,True,amigos
usr_0045,res_0746,2022-06-30,False,privada
usr_0549,res_0747,2023-12-10,True,privada
usr_0730,res_0748,2022-05-02,False,amigos
usr_0661,res_0749,2023-12-16,False,amigos
usr_0160,res_0750,2023-04-21,True,amigos
usr_0280,res_0751,2023-05-28,True,amigos
usr_0705,res_0752,2022-05-06,False,privada
usr_0216,res_0753,2022-04-08,True,amigos
usr_0351,res_0754,2022-02-25,True,amigos
usr_0279,res_0755,2022-11-22,False,publica
usr_0339,res_0756,2023-12-11,True,publica
usr_0518,res_0757,2024-01-31,True,publica
usr_0454,res_0758,2023-05-13,False,amigos
usr_0593,res_0759,2025-01-09,True,privada
usr_0451,res_0760,2022-01-31,False,publica
usr_0522,res_0761,2024-11-27,False,publica
usr_0073,res_0762,2024-06-04,False,privada
usr_0651,res_0763,2023-08-22,True,amigos
usr_0328,res_0764,2022-01-08,True,amigos
usr_0102,res_0765,2024-01-01,True,publica
usr_0594,res_0766,2022-03-12,True,publica
usr_0130,res_0767,2025-04-13,True,amigos
usr_0214,res_0768,2023-06-16,False,privada
usr_0629,res_0769,2023-09-03,False,privada
usr_0699,res_0770,2025-03-21,False,amigos
usr_0640,res_0771,2022-05-19,True,publica
usr_0201,res_0772,2022-05-28,False,privada
usr_0129,res_0773,2024-04-30,True,amigos
usr_0030,res_0774,2023-12-11,False,publica
usr_0431,res_0775,2025-01-18,True,privada
usr_0702,res_0776,2022-06-04,False,amigos
usr_0538,res_0777,2023-11-08,True,privada
usr_0505,res_0778,2024-02-13,False,amigos
usr_0387,res_0779,2025-02-13,False,privada
usr_0144,res_0780,2024-02-22,True,amigos
usr_0040,res_0781,2022-05-06,False,privada
usr_0504,res_0782,2022-12-03,False,privada
usr_0557,res_0783,2024-07-29,True,amigos
usr_0677,res_0784,2024-12-27,True,privada
usr_0098,res_0785,2024-03-11,False,publica
usr_0695,res_0786,2024-01-29,True,amigos
usr_0022,res_0787,2024-08-02,False,publica
usr_0746,res_0788,2022-06-20,True,publica
usr_0495,res_0789,2024-04-03,False,amigos
usr_0045,res_0790,2023-10-09,False,publica
usr_0218,res_0791,2025-01-20,False,publica
usr_0475,res_0792,2022-11-12,True,amigos
usr_0269,res_0793,2024-06-08,True,privada
usr_0542,res_0794,2022-08-02,False,publica
usr_0208,res_0795,2024-11-04,False,privada
usr_0180,res_0796,2022-03-01,True,publica
usr_0265,res_0797,2024-11-21,False,privada
usr_0171,res_0798,2023-09-12,False,privada
usr_0327,res_0799,2022-09-17,False,amigos
usr_0456,res_0800,2022-08-05,False,amigos
usr_0676,res_0801,2023-04-23,False,privada
usr_0156,res_0802,2024-07-13,True,privada
usr_0463,res_0803,2024-04-20,True,amigos
usr_0315,res_0804,2023-04-27,False,privada
usr_0583,res_0805,2023-08-21,True,amigos
usr_0326,res_0806,2025-01-07,False,amigos
usr_0772,res_0807,2022-07-01,True,publica
usr_0743,res_0808,2022-03-03,False,privada
usr_0742,res_0809,2022-05-07,True,publica
usr_0079,res_0810,2024-02-18,False,amigos
usr_0667,res_0811,2022-11-06,False,amigos
usr_0094,res_0812,2023-04-16,False,amigos
usr_0403,res_0813,2024-06-08,False,publica
usr_0737,res_0814,2022-04-20,True,privada
usr_0060,res_0815,2023-03-18,True,amigos
usr_0582,res_0816,2023-10-21,True,privada
usr_0535,res_0817,2023-05-25,True,publica
usr_0719,res_0818,2024-08-07,False,privada
usr_0550,res_0819,2022-02-12,False,privada
usr_0134,res_0820,2024-03-11,True,publica
usr_0495,res_0821,2025-04-10,False,publica
usr_0173,res_0822,2025-02-13,True,privada
usr_0159,res_0823,2024-09-03,True,privada
usr_0192,res_0824,2022-09-25,False,amigos
usr_0273,res_0825,2024-06-24,False,amigos
usr_0350,res_0826,2023-09-14,False,privada
usr_0340,res_0827,2022-12-31,True,amigos
usr_0074,res_0828,2024-01-31,False,amigos
usr_0336,res_0829,2023-11-01,True,amigos
usr_0451,res_0830,2022-03-31,True,publica
usr_0548,res_0831,2022-08-24,False,amigos
usr_0184,res_0832,2024-10-11,False,amigos
usr_0294,res_0833,2023-06-09,True,publica
usr_0776,res_0834,2024-03-03,False,amigos
usr_0374,res_0835,2024-09-24,False,privada
usr_0110,res_0836,2025-03-31,True,amigos
usr_0300,res_0837,2025-03-09,True,privada
usr_0591,res_0838,2024-11-30,False,privada
usr_0728,res_0839,2024-07-28,False,privada
usr_0454,res_0840,2024-02-28,False,amigos
usr_0605,res_0841,2023-07-10,False,privada
usr_0539,res_0842,2025-01-06,True,amigos
usr_0046,res_0843,2024-03-07,False,publica
usr_0712,res_0844,2024-05-11,False,publica
usr_0426,res_0845,2024-07-16,False,privada
usr_0173,res_0846,2023-10-18,True,privada
usr_0014,res_0847,2025-04-02,False,publica
usr_0539,res_0848,2022-01-15,False,amigos
usr_0200,res_0849,2025-01-23,True,amigos
usr_0742,res_0850,2023-01-26,False,publica
usr_0063,res_0851,2025-03-15,True,publica
usr_0725,res_0852,2024-03-12,False,amigos
usr_0276,res_0853,2025-03-30,True,privada
usr_0798,res_0854,2022-10-02,True,amigos
usr_0316,res_0855,2023-03-20,True,privada
usr_0172,res_0856,2025-02-19,True,publica
usr_0631,res_0857,2022-07-01,False,publica
usr_0793,res_0858,2024-01-14,False,publica
usr_0528,res_0859,2024-03-30,True,privada
usr_0624,res_0860,2022-02-24,False,publica
usr_0375,res_0861,2025-04-17,False,amigos
usr_0600,res_0862,2023-09-02,True,amigos
usr_0580,res_0863,2023-01-19,False,privada
usr_0270,res_0864,2025-02-25,True,amigos
usr_0526,res_0865,2023-09-09,True,amigos
usr_0044,res_0866,2024-05-11,False,publica
usr_0753,res_0867,2023-01-15,False,privada
usr_0654,res_0868,2024-07-24,False,publica
usr_0510,res_0869,2024-07-03,False,privada
usr_0632,res_0870,2024-02-05,True,amigos
usr_0705,res_0871,2022-01-28,True,amigos
usr_0712,res_0872,2022-09-19,True,amigos
usr_0157,res_0873,2023-08-08,False,amigos
usr_0354,res_0874,2024-03-16,True,publica
usr_0276,res_0875,2024-01-07,True,privada
usr_0295,res_0876,2023-08-15,True,privada
usr_0056,res_0877,2023-11-14,True,privada
usr_0618,res_0878,2022-04-27,False,amigos
usr_0274,res_0879,2022-06-14,True,publica
usr_0794,res_0880,2022-11-18,False,amigos
usr_0800,res_0881,2024-07-24,True,privada
usr_0444,res_0882,2024-09-10,False,privada
usr_0746,res_0883,2023-11-11,False,privada
usr_0394,res_0884,2024-05-22,False,amigos
usr_0538,res_0885,2024-11-10,True,privada
usr_0053,res_0886,2023-12-23,False,amigos
usr_0349,res_0887,2024-06-29,True,amigos
usr_0651,res_0888,2023-08-13,False,publica
usr_0122,res_0889,2022-03-14,True,amigos
usr_0201,res_0890,2023-11-17,True,privada
usr_0107,res_0891,2023-02-10,False,privada
usr_0632,res_0892,2023-07-27,True,privada
usr_0538,res_0893,2022-11-07,False,publica
usr_0630,res_0894,2022-06-15,True,publica
usr_0711,res_0895,2023-08-27,True,amigos
usr_0271,res_0896,2025-04-29,True,publica
usr_0102,res_0897,2025-03-20,True,publica
usr_0211,res_0898,2024-03-10,False,amigos
usr_0084,res_0899,2024-09-11,True,amigos
usr_0745,res_0900,2025-01-10,True,amigos
usr_0634,res_0901,2022-05-18,True,privada
usr_0038,res_0902,2023-02-01,False,publica
usr_0380,res_0903,2022-05-08,False,privada
usr_0345,res_0904,2024-06-23,False,privada
usr_0097,res_0905,2024-11-22,True,publica
usr_0508,res_0906,2023-03-06,True,amigos
usr_0596,res_0907,2023-04-29,False,amigos
usr_0177,res_0908,2024-11-23,False,privada
usr_0356,res_0909,2022-07-28,True,amigos
usr_0477,res_0910,2022-07-30,False,privada
usr_0422,res_0911,2022-04-23,False,privada
usr_0476,res_0912,2024-12-10,True,privada
usr_0800,res_0913,2023-04-21,False,amigos
usr_0287,res_0914,2023-01-07,False,amigos
usr_0376,res_0915,2024-04-06,False,privada
usr_0508,res_0916,2022-11-05,False,amigos
usr_0740,res_0917,2023-12-20,True,amigos
usr_0666,res_0918,2024-01-20,False,amigos
usr_0763,res_0919,2024-01-15,True,publica
usr_0649,res_0920,2023-08-12,True,publica
usr_0037,res_0921,2022-04-04,True,publica
usr_0628,res_0922,2024-01-19,False,publica
usr_0650,res_0923,2022-04-16,False,privada
usr_0576,res_0924,2023-11-16,True,privada
usr_0522,res_0925,2022-05-10,True,privada
usr_0215,res_0926,2023-09-01,False,privada
usr_0045,res_0927,2023-03-04,True,privada
usr_0639,res_0928,2022-01-02,False,amigos
usr_0467,res_0929,2024-07-20,True,publica
usr_0696,res_0930,2024-11-22,False,amigos
usr_0548,res_0931,2022-09-30,False,amigos
usr_0297,res_0932,2023-05-07,False,privada
usr_0245,res_0933,2022-08-04,False,amigos
usr_0578,res_0934,2024-02-21,True,amigos
usr_0081,res_0935,2022-10-29,True,privada
usr_0408,res_0936,2023-03-19,False,privada
usr_0779,res_0937,2022-09-27,True,privada
usr_0150,res_0938,2022-12-16,True,publica
usr_0237,res_0939,2022-01-31,True,amigos
usr_0133,res_0940,2022-12-17,True,privada
usr_0341,res_0941,2025-03-07,False,privada
usr_0236,res_0942,2024-02-19,True,amigos
usr_0189,res_0943,2023-07-17,False,publica
usr_0293,res_0944,2024-07-19,False,privada
usr_0071,res_0945,2023-01-23,True,publica
usr_0612,res_0946,2023-05-02,True,privada
usr_0193,res_0947,2024-08-20,True,amigos
usr_0764,res_0948,2025-04-18,False,privada
usr_0613,res_0949,2024-08-21,True,publica
usr_0557,res_0950,2023-02-02,True,publica
usr_0171,res_0951,2023-01-17,False,publica
usr_0535,res_0952,2024-10-21,False,amigos
usr_0223,res_0953,2024-02-28,False,amigos
usr_0029,res_0954,2022-07-16,False,privada
usr_0319,res_0955,2025-04-23,False,privada
usr_0379,res_0956,2024-12-05,True,privada
usr_0715,res_0957,2023-07-27,False,privada
usr_0629,res_0958,2024-07-29,False,publica
usr_0202,res_0959,2023-03-01,True,privada
usr_0597,res_0960,2022-02-14,True,privada
usr_0594,res_0961,2025-02-23,True,publica
usr_0061,res_0962,2024-09-03,True,publica
usr_0759,res_0963,2022-01-12,True,amigos
usr_0072,res_0964,2023-09-14,True,publica
usr_0292,res_0965,2022-07-20,False,publica
usr_0662,res_0966,2025-02-12,True,publica
usr_0143,res_0967,2023-11-13,True,publica
usr_0651,res_0968,2022-08-15,False,publica
usr_0757,res_0969,2022-05-27,True,amigos
usr_0418,res_0970,2022-02-23,True,privada
usr_0583,res_0971,2022-03-14,True,privada
usr_0274,res_0972,2023-02-11,False,publica
usr_0278,res_0973,2024-04-15,False,privada
usr_0061,res_0974,2022-05-26,False,amigos
usr_0273,res_0975,2022-05-14,False,amigos
usr_0667,res_0976,2023-05-09,True,privada
usr_0373,res_0977,2025-04-16,False,publica
usr_0475,res_0978,2024-02-20,True,amigos
usr_0424,res_0979,2024-08-13,False,amigos
usr_0753,res_0980,2022-08-12,True,privada
usr_0297,res_0981,2024-03-13,False,privada
usr_0757,res_0982,2025-04-15,True,privada
usr_0599,res_0983,2024-06-18,False,publica
usr_0074,res_0984,2022-12-21,False,publica
usr_0616,res_0985,2023-08-16,False,publica
usr_0134,res_0986,2022-03-24,False,privada
usr_0030,res_0987,2023-03-21,True,amigos
usr_0535,res_0988,2023-10-11,True,privada
usr_0016,res_0989,2022-08-26,False,publica
usr_0234,res_0990,2024-04-05,False,amigos
usr_0273,res_0991,2024-08-29,False,privada
usr_0351,res_0992,2022-08-24,False,privada
usr_0121,res_0993,2024-08-22,False,amigos
usr_0770,res_0994,2023-06-24,False,privada
usr_0108,res_0995,2022-01-22,True,privada
usr_0326,res_0996,2022-03-15,False,privada
usr_0077,res_0997,2024-06-17,True,amigos
usr_0033,res_0998,2022-12-29,True,publica
usr_0448,res_0999,2024-05-27,True,amigos
usr_0241,res_1000,2022-01-31,False,privada
usr_0605,res_1001,2022-02-22,False,amigos
usr_0640,res_1002,2022-10-05,False,amigos
usr_0314,res_1003,2023-06-11,True,amigos
usr_0652,res_1004,2022-04-01,True,privada
usr_0267,res_1005,2023-05-13,False,publica
usr_0404,res_1006,2022-05-09,False,amigos
usr_0072,res_1007,2024-08-17,True,amigos
usr_0020,res_1008,2024-10-16,True,amigos
usr_0470,res_1009,2024-10-07,False,publica
usr_0056,res_1010,2024-01-05,False,amigos
usr_0761,res_1011,2025-03-26,False,privada
usr_0185,res_1012,2024-02-29,True,publica
usr_0168,res_1013,2022-11-06,True,publica
usr_0144,res_1014,2025-02-25,False,publica
usr_0090,res_1015,2022-01-04,True,publica
usr_0582,res_1016,2024-09-17,False,publica
usr_0794,res_1017,2023-02-28,False,amigos
usr_0401,res_1018,2024-05-26,True,amigos
usr_0021,res_1019,2023-11-27,True,publica
usr_0224,res_1020,2023-01-18,False,publica
usr_0605,res_1021,2024-01-30,False,publica
usr_0080,res_1022,2022-05-19,False,amigos
usr_0428,res_1023,2024-02-01,False,publica
usr_0651,res_1024,2024-06-20,True,publica
usr_0781,res_1025,2023-09-28,True,amigos
usr_0270,res_1026,2022-10-02,True,publica
usr_0286,res_1027,2024-09-06,True,amigos
usr_0024,res_1028,2023-01-21,True,privada
usr_0204,res_1029,2023-12-27,False,privada
usr_0054,res_1030,2025-02-18,False,amigos
usr_0598,res_1031,2024-10-12,False,publica
usr_0369,res_1032,2023-02-21,False,privada
usr_0265,res_1033,2023-02-18,False,privada
usr_0108,res_1034,2025-01-22,False,amigos
usr_0505,res_1035,2022-08-25,True,publica
usr_0147,res_1036,2023-05-06,True,privada
usr_0415,res_1037,2022-02-20,False,amigos
usr_0533,res_1038,2024-03-31,True,amigos
usr_0511,res_1039,2023-06-29,False,amigos
usr_0605,res_1040,2024-06-08,True,privada
usr_0478,res_1041,2024-06-02,False,amigos
usr_0276,res_1042,2024-02-21,False,publica
usr_0666,res_1043,2023-11-10,False,amigos
usr_0602,res_1044,2024-11-04,True,privada
usr_0640,res_1045,2025-04-13,False,publica
usr_0622,res_1046,2022-12-27,True,amigos
usr_0452,res_1047,2023-09-14,False,publica
usr_0230,res_1048,2024-02-13,True,publica
usr_0338,res_1049,2024-08-16,False,amigos
usr_0222,res_1050,2023-06-07,True,amigos
usr_0163,res_1051,2024-09-24,True,publica
usr_0410,res_1052,2022-05-23,False,amigos
usr_0437,res_1053,2024-12-07,True,publica
usr_0388,res_1054,2024-07-01,False,publica
usr_0753,res_1055,2025-02-05,True,privada
usr_0338,res_1056,2023-08-27,False,privada
usr_0589,res_1057,2024-12-15,False,privada
usr_0400,res_1058,2022-09-03,False,amigos
usr_0401,res_1059,2024-04-08,True,privada
usr_0570,res_1060,2023-12-07,False,publica
usr_0478,res_1061,2022-03-28,True,amigos
usr_0024,res_1062,2024-11-21,False,publica
usr_0327,res_1063,2024-12-16,False,amigos
usr_0280,res_1064,2023-02-13,True,amigos
usr_0504,res_1065,2023-12-18,False,amigos
usr_0316,res_1066,2022-04-04,True,publica
usr_0690,res_1067,2024-11-07,False,privada
usr_0341,res_1068,2023-10-20,False,amigos
usr_0653,res_1069,2023-03-27,False,amigos
usr_0399,res_1070,2023-06-03,False,privada
usr_0783,res_1071,2022-11-03,True,amigos
usr_0066,res_1072,2022-11-17,False,privada
usr_0309,res_1073,2024-06-27,True,amigos
usr_0371,res_1074,2022-05-04,False,amigos
usr_0401,res_1075,2023-06-07,False,privada
usr_0027,res_1076,2025-04-19,True,publica
usr_0693,res_1077,2024-05-23,False,publica
usr_0256,res_1078,2024-09-05,False,amigos
usr_0001,res_1079,2024-08-22,True,amigos
usr_0118,res_1080,2022-01-14,False,amigos
usr_0365,res_1081,2023-01-06,False,publica
usr_0371,res_1082,2024-01-28,True,publica
usr_0265,res_1083,2025-04-11,True,privada
usr_0636,res_1084,2024-03-28,True,amigos
usr_0703,res_1085,2024-06-16,False,privada
usr_0267,res_1086,2024-10-29,True,publica
usr_0786,res_1087,2025-02-25,True,amigos
usr_0622,res_1088,2023-07-13,True,privada
usr_0741,res_1089,2022-05-09,False,amigos
usr_0665,res_1090,2022-09-27,False,privada
usr_0326,res_1091,2023-07-29,False,amigos
usr_0788,res_1092,2023-09-10,True,publica
usr_0720,res_1093,2022-04-06,False,privada
usr_0262,res_1094,2022-12-06,True,amigos
usr_0107,res_1095,2025-01-31,False,publica
usr_0550,res_1096,2022-09-09,False,publica
usr_0501,res_1097,2022-06-25,True,amigos
usr_0065,res_1098,2022-06-04,True,amigos
usr_0794,res_1099,2022-12-14,True,publica
usr_0559,res_1100,2024-09-09,False,amigos
usr_0515,res_1101,2024-08-09,False,amigos
usr_0415,res_1102,2024-06-20,False,privada
usr_0402,res_1103,2024-11-28,False,publica
usr_0342,res_1104,2022-12-20,True,amigos
usr_0612,res_1105,2023-01-23,True,amigos
usr_0453,res_1106,2023-07-06,True,amigos
usr_0775,res_1107,2023-10-07,False,publica
usr_0068,res_1108,2023-11-14,False,publica
usr_0619,res_1109,2024-06-09,True,publica
usr_0684,res_1110,2023-03-06,True,amigos
usr_0305,res_1111,2023-02-07,True,privada
usr_0304,res_1112,2022-01-17,False,amigos
usr_0249,res_1113,2022-03-09,True,privada
usr_0308,res_1114,2023-11-02,False,publica
usr_0685,res_1115,2024-07-08,True,amigos
usr_0720,res_1116,2024-05-27,False,publica
usr_0192,res_1117,2023-03-20,True,privada
usr_0198,res_1118,2024-11-11,True,privada
usr_0241,res_1119,2023-09-26,True,publica
usr_0199,res_1120,2023-01-31,False,privada
usr_0727,res_1121,2025-04-03,False,privada
usr_0144,res_1122,2022-12-25,False,privada
usr_0218,res_1123,2024-06-01,True,privada
usr_0590,res_1124,2024-09-10,True,privada
usr_0142,res_1125,2022-11-06,True,privada
usr_0042,res_1126,2024-01-23,False,amigos
usr_0081,res_1127,2024-03-06,True,amigos
usr_0745,res_1128,2023-07-08,False,amigos
usr_0718,res_1129,2023-03-09,True,privada
usr_0367,res_1130,2023-01-16,False,amigos
usr_0353,res_1131,2022-09-24,True,privada
usr_0610,res_1132,2022-04-07,False,publica
usr_0068,res_1133,2025-03-11,False,amigos
usr_0378,res_1134,2023-02-22,True,amigos
usr_0077,res_1135,2022-08-08,False,amigos
usr_0678,res_1136,2024-02-28,False,privada
usr_0373,res_1137,2024-10-06,True,privada
usr_0004,res_1138,2022-08-27,False,privada
usr_0646,res_1139,2023-01-02,True,privada
usr_0316,res_1140,2025-02-24,False,amigos
usr_0508,res_1141,2023-07-20,False,privada
usr_0700,res_1142,2022-11-30,False,privada
usr_0784,res_1143,2022-07-24,False,publica
usr_0204,res_1144,2023-04-26,True,privada
usr_0788,res_1145,2022-02-24,False,publica
usr_0341,res_1146,2024-12-22,False,amigos
usr_0621,res_1147,2022-01-29,True,amigos
usr_0793,res_1148,2024-11-18,False,publica
usr_0490,res_1149,2024-08-23,False,publica
usr_0053,res_1150,2024-04-18,True,amigos
usr_0709,res_1151,2024-12-01,True,amigos
usr_0263,res_1152,2022-08-29,True,privada
usr_0762,res_1153,2023-05-13,True,publica
usr_0035,res_1154,2024-11-20,True,privada
usr_0112,res_1155,2023-05-29,True,privada
usr_0292,res_1156,2023-10-14,True,publica
usr_0395,res_1157,2024-06-02,False,amigos
usr_0104,res_1158,2024-07-01,False,publica
usr_0060,res_1159,2022-09-06,False,amigos
usr_0111,res_1160,2022-08-15,False,amigos
usr_0240,res_1161,2024-04-11,True,privada
usr_0694,res_1162,2022-09-10,True,publica
usr_0306,res_1163,2022-01-04,True,privada
usr_0727,res_1164,2022-09-09,True,publica
usr_0391,res_1165,2024-08-09,True,amigos
usr_0562,res_1166,2024-10-31,True,amigos
usr_0315,res_1167,2022-12-25,False,publica
usr_0679,res_1168,2023-02-14,True,publica
usr_0377,res_1169,2022-11-28,True,amigos
usr_0407,res_1170,2024-10-04,False,publica
usr_0717,res_1171,2024-08-14,True,amigos
usr_0382,res_1172,2024-08-01,False,privada
usr_0094,res_1173,2024-01-02,True,publica
usr_0263,res_1174,2022-10-10,True,publica
usr_0132,res_1175,2023-06-26,False,privada
usr_0581,res_1176,2022-02-16,True,privada
usr_0470,res_1177,2022-08-06,False,privada
usr_0034,res_1178,2024-11-22,True,amigos
usr_0298,res_1179,2024-02-03,False,amigos
usr_0062,res_1180,2023-03-26,True,amigos
usr_0116,res_1181,2024-05-18,True,publica
usr_0289,res_1182,2024-10-25,False,privada
usr_0680,res_1183,2024-09-06,True,publica
usr_0438,res_1184,2024-08-13,False,amigos
usr_0754,res_1185,2023-12-21,False,privada
usr_0314,res_1186,2023-12-14,True,publica
usr_0445,res_1187,2024-02-18,True,amigos
usr_0724,res_1188,2025-03-02,True,amigos
usr_0116,res_1189,2024-10-19,True,amigos
usr_0800,res_1190,2022-04-04,True,amigos
usr_0496,res_1191,2022-09-21,False,amigos
usr_0242,res_1192,2025-02-04,True,publica
usr_0218,res_1193,2024-06-02,False,privada
usr_0315,res_1194,2022-03-23,True,amigos
usr_0540,res_1195,2022-05-20,False,publica
usr_0506,res_1196,2023-05-07,True,privada
usr_0330,res_1197,2024-03-31,True,publica
usr_0309,res_1198,2022-12-31,False,amigos
usr_0739,res_1199,2023-02-27,False,publica
usr_0473,res_1200,2023-12-11,False,privada
usr_0662,res_1201,2022-05-19,False,publica
usr_0286,res_1202,2024-09-25,False,privada
usr_0315,res_1203,2023-02-24,False,amigos
usr_0054,res_1204,2024-03-24,True,privada
usr_0537,res_1205,2024-12-13,True,privada
usr_0452,res_1206,2024-07-01,True,privada
usr_0449,res_1207,2022-09-14,True,publica
usr_0658,res_1208,2024-11-30,False,privada
usr_0508,res_1209,2023-03-14,False,amigos
usr_0649,res_1210,2024-07-24,True,amigos
usr_0737,res_1211,2022-04-24,False,privada
usr_0216,res_1212,2024-09-20,True,amigos
usr_0269,res_1213,2022-12-19,True,amigos
usr_0188,res_1214,2024-02-22,True,privada
usr_0376,res_1215,2023-10-31,True,privada
usr_0296,res_1216,2024-06-01,False,amigos
usr_0316,res_1217,2024-06-15,True,amigos
usr_0139,res_1218,2022-09-18,True,amigos
usr_0004,res_1219,2024-04-11,True,privada
usr_0386,res_1220,2022-08-07,False,amigos
usr_0049,res_1221,2023-04-20,True,privada
usr_0057,res_1222,2022-08-29,False,amigos
usr_0638,res_1223,2024-02-06,False,publica
usr_0043,res_1224,2022-08-21,False,amigos
usr_0280,res_1225,2023-03-22,False,publica
usr_0271,res_1226,2022-03-10,False,amigos
usr_0385,res_1227,2023-09-02,True,publica
usr_0251,res_1228,2022-09-03,False,publica
usr_0386,res_1229,2025-03-26,True,amigos
usr_0441,res_1230,2023-07-09,True,amigos
usr_0034,res_1231,2023-03-21,True,publica
usr_0467,res_1232,2022-10-21,True,amigos
usr_0612,res_1233,2023-01-30,False,amigos
usr_0554,res_1234,2022-06-18,False,amigos
usr_0483,res_1235,2023-03-14,False,amigos
usr_0212,res_1236,2025-04-03,True,publica
usr_0228,res_1237,2023-03-07,True,amigos
usr_0277,res_1238,2024-03-25,False,publica
usr_0286,res_1239,2025-01-29,False,publica
usr_0113,res_1240,2022-08-03,False,amigos
usr_0319,res_1241,2023-05-23,False,amigos
usr_0136,res_1242,2022-06-08,True,privada
usr_0036,res_1243,2022-05-30,True,amigos
usr_0626,res_1244,2023-08-25,True,amigos
usr_0272,res_1245,2022-03-09,False,publica
usr_0034,res_1246,2023-10-21,False,privada
usr_0462,res_1247,2023-07-04,False,amigos
usr_0551,res_1248,2025-04-13,True,publica
usr_0403,res_1249,2023-01-17,False,amigos
usr_0779,res_1250,2024-11-07,False,privada
usr_0618,res_1251,2023-01-01,False,publica
usr_0143,res_1252,2022-10-18,False,publica
usr_0073,res_1253,2024-09-06,False,publica
usr_0384,res_1254,2022-11-24,False,privada
usr_0534,res_1255,2024-06-05,False,amigos
usr_0574,res_1256,2022-04-08,True,amigos
usr_0524,res_1257,2023-12-22,False,amigos
usr_0535,res_1258,2022-02-18,True,privada
usr_0428,res_1259,2022-02-21,True,publica
usr_0147,res_1260,2023-02-18,False,publica
usr_0482,res_1261,2025-02-21,False,publica
usr_0228,res_1262,2022-10-18,True,publica
usr_0461,res_1263,2023-04-12,False,privada
usr_0418,res_1264,2023-07-25,False,privada
usr_0427,res_1265,2023-05-20,True,privada
usr_0317,res_1266,2024-11-20,False,publica
usr_0515,res_1267,2024-10-23,True,publica
usr_0548,res_1268,2022-02-09,False,privada
usr_0182,res_1269,2023-09-11,False,publica
usr_0369,res_1270,2024-03-09,False,privada
usr_0707,res_1271,2023-01-15,True,privada
usr_0323,res_1272,2023-10-18,False,publica
usr_0634,res_1273,2025-03-06,True,publica
usr_0088,res_1274,2022-05-21,True,publica
usr_0178,res_1275,2022-08-06,True,amigos
usr_0436,res_1276,2024-08-08,False,privada
usr_0416,res_1277,2022-05-15,False,privada
usr_0138,res_1278,2022-11-14,True,amigos
usr_0727,res_1279,2024-03-29,True,amigos
usr_0794,res_1280,2025-04-03,True,amigos
usr_0388,res_1281,2023-12-29,True,publica
usr_0423,res_1282,2022-05-06,False,privada
usr_0282,res_1283,2023-12-13,True,privada
usr_0462,res_1284,2023-02-08,False,privada
usr_0107,res_1285,2023-02-09,False,privada
usr_0481,res_1286,2023-01-06,True,amigos
usr_0191,res_1287,2022-08-09,False,amigos
usr_0685,res_1288,2023-04-22,True,publica
usr_0465,res_1289,2022-12-28,True,publica
usr_0573,res_1290,2023-02-26,True,amigos
usr_0104,res_1291,2023-03-01,False,amigos
usr_0666,res_1292,2023-04-07,True,privada
usr_0080,res_1293,2023-04-17,True,publica
usr_0457,res_1294,2023-06-18,True,amigos
usr_0655,res_1295,2023-10-25,True,publica
usr_0421,res_1296,2022-10-29,True,publica
usr_0553,res_1297,2023-06-06,True,amigos
usr_0525,res_1298,2022-08-31,True,publica
usr_0775,res_1299,2024-05-24,True,privada
usr_0620,res_1300,2023-10-22,True,amigos
usr_0103,res_1301,2024-06-07,True,privada
usr_0478,res_1302,2022-06-17,True,amigos
usr_0012,res_1303,2023-04-09,False,publica
usr_0685,res_1304,2024-08-19,False,amigos
usr_0718,res_1305,2024-05-05,False,privada
usr_0111,res_1306,2023-09-12,False,amigos
usr_0789,res_1307,2024-05-22,False,privada
usr_0280,res_1308,2022-12-14,True,privada
usr_0109,res_1309,2025-02-04,True,privada
usr_0572,res_1310,2023-06-14,True,amigos
usr_0148,res_1311,2023-05-21,False,publica
usr_0343,res_1312,2024-03-11,True,publica
usr_0303,res_1313,2023-07-11,True,publica
usr_0478,res_1314,2023-11-20,False,publica
usr_0604,res_1315,2023-08-26,True,privada
usr_0365,res_1316,2023-12-24,True,publica
usr_0749,res_1317,2023-11-08,True,publica
usr_0536,res_1318,2023-03-07,True,privada
usr_0525,res_1319,2024-01-06,False,publica
usr_0622,res_1320,2023-05-22,True,amigos
usr_0674,res_1321,2023-11-16,True,amigos
usr_0417,res_1322,2022-12-28,True,privada
usr_0119,res_1323,2023-12-03,False,privada
usr_0276,res_1324,2025-03-09,True,publica
usr_0622,res_1325,2023-04-28,True,privada
usr_0155,res_1326,2023-07-21,True,privada
usr_0210,res_1327,2023-03-26,True,privada
usr_0580,res_1328,2022-11-22,True,privada
usr_0318,res_1329,2024-04-02,False,amigos
usr_0147,res_1330,2023-06-20,True,amigos
usr_0797,res_1331,2024-08-10,False,publica
usr_0258,res_1332,2023-04-20,True,amigos
usr_0675,res_1333,2024-09-27,True,privada
usr_0001,res_1334,2023-12-26,False,amigos
usr_0500,res_1335,2024-04-15,False,privada
usr_0043,res_1336,2024-10-19,False,publica
usr_0156,res_1337,2022-10-21,True,privada
usr_0216,res_1338,2023-01-03,False,amigos
usr_0754,res_1339,2023-06-10,False,publica
usr_0057,res_1340,2023-10-22,False,amigos
usr_0517,res_1341,2023-06-02,True,amigos
usr_0789,res_1342,2025-01-19,True,publica
usr_0392,res_1343,2023-05-19,True,privada
usr_0068,res_1344,2023-08-19,True,amigos
usr_0142,res_1345,2022-03-26,False,amigos
usr_0051,res_1346,2025-04-06,True,privada
usr_0655,res_1347,2022-09-01,False,privada
usr_0641,res_1348,2023-04-24,False,privada
usr_0465,res_1349,2022-07-24,False,publica
usr_0018,res_1350,2022-12-04,False,privada
usr_0386,res_1351,2022-06-23,False,amigos
usr_0242,res_1352,2024-03-28,False,amigos
usr_0687,res_1353,2023-10-11,False,publica
usr_0318,res_1354,2023-01-23,True,amigos
usr_0711,res_1355,2023-05-25,True,amigos
usr_0018,res_1356,2024-10-25,True,publica
usr_0231,res_1357,2022-06-04,True,privada
usr_0046,res_1358,2024-01-18,True,privada
usr_0386,res_1359,2023-11-28,True,amigos
usr_0393,res_1360,2023-03-27,True,amigos
usr_0394,res_1361,2025-01-11,True,privada
usr_0308,res_1362,2024-12-03,True,privada
usr_0561,res_1363,2022-02-25,False,amigos
usr_0115,res_1364,2023-09-13,False,privada
usr_0145,res_1365,2022-04-27,False,amigos
usr_0708,res_1366,2023-01-22,True,amigos
usr_0668,res_1367,2022-04-22,False,amigos
usr_0258,res_1368,2023-05-09,False,privada
usr_0007,res_1369,2022-04-17,True,publica
usr_0521,res_1370,2024-07-18,True,amigos
usr_0459,res_1371,2022-11-15,True,publica
usr_0660,res_1372,2024-05-23,False,privada
usr_0186,res_1373,2024-08-14,True,publica
usr_0546,res_1374,2022-08-30,False,publica
usr_0428,res_1375,2023-03-15,False,amigos
usr_0735,res_1376,2024-01-23,False,privada
usr_0066,res_1377,2023-10-30,False,publica
usr_0312,res_1378,2024-10-17,False,privada
usr_0438,res_1379,2022-12-26,True,publica
usr_0521,res_1380,2023-10-01,True,publica
usr_0367,res_1381,2024-09-22,False,publica
usr_0417,res_1382,2024-08-08,False,amigos
usr_0102,res_1383,2023-10-04,True,amigos
usr_0516,res_1384,2022-12-06,False,publica
usr_0626,res_1385,2022-04-05,True,privada
usr_0407,res_1386,2023-03-28,False,privada
usr_0734,res_1387,2022-10-19,False,publica
usr_0645,res_1388,2022-11-20,True,amigos
usr_0113,res_1389,2022-01-26,True,amigos
usr_0717,res_1390,2024-02-14,True,privada
usr_0737,res_1391,2024-08-08,False,amigos
usr_0323,res_1392,2023-11-05,True,publica
usr_0574,res_1393,2023-10-04,False,publica
usr_0513,res_1394,2022-05-17,False,amigos
usr_0357,res_1395,2022-10-21,True,privada
usr_0696,res_1396,2022-01-15,False,privada
usr_0509,res_1397,2024-07-25,True,amigos
usr_0082,res_1398,2023-05-05,False,publica
usr_0027,res_1399,2022-07-17,False,publica
usr_0003,res_1400,2024-03-08,False,privada
usr_0665,res_1401,2024-01-12,False,privada
usr_0269,res_1402,2023-07-13,True,privada
usr_0734,res_1403,2024-11-08,False,amigos
usr_0559,res_1404,2023-07-10,False,publica
usr_0454,res_1405,2022-03-13,False,privada
usr_0124,res_1406,2023-02-24,False,amigos
usr_0778,res_1407,2025-04-01,False,privada
usr_0412,res_1408,2023-07-19,False,privada
usr_0374,res_1409,2023-06-22,True,privada
usr_0796,res_1410,2025-01-07,False,amigos
usr_0755,res_1411,2022-09-27,False,privada
usr_0673,res_1412,2025-02-27,False,publica
usr_0022,res_1413,2024-05-19,True,privada
usr_0174,res_1414,2022-06-07,False,amigos
usr_0266,res_1415,2025-04-10,True,amigos
usr_0800,res_1416,2023-06-20,False,privada
usr_0651,res_1417,2023-02-23,True,privada
usr_0525,res_1418,2022-06-24,False,amigos
usr_0724,res_1419,2022-08-20,True,privada
usr_0722,res_1420,2023-04-18,False,publica
usr_0334,res_1421,2023-02-18,True,publica
usr_0171,res_1422,2022-01-26,True,amigos
usr_0502,res_1423,2024-05-02,True,publica
usr_0523,res_1424,2024-11-15,False,amigos
usr_0177,res_1425,2022-10-18,True,amigos
usr_0289,res_1426,2023-10-14,True,amigos
usr_0795,res_1427,2023-06-08,False,privada
usr_0778,res_1428,2023-11-29,False,publica
usr_0648,res_1429,2022-12-03,True,publica
usr_0100,res_1430,2025-01-09,True,amigos
usr_0098,res_1431,2023-07-19,False,amigos
usr_0230,res_1432,2025-03-21,True,privada
usr_0655,res_1433,2023-04-02,True,privada
usr_0118,res_1434,2022-12-01,False,privada
usr_0644,res_1435,2024-09-23,False,privada
usr_0414,res_1436,2024-02-29,False,privada
usr_0428,res_1437,2022-10-08,True,amigos
usr_0011,res_1438,2023-08-06,True,publica
usr_0157,res_1439,2023-05-18,True,publica
usr_0103,res_1440,2023-06-09,True,publica
usr_0594,res_1441,2022-09-29,False,publica
usr_0521,res_1442,2023-12-31,True,privada
usr_0450,res_1443,2024-08-12,False,amigos
usr_0502,res_1444,2022-08-09,True,amigos
usr_0583,res_1445,2023-06-23,False,privada
usr_0291,res_1446,2024-05-11,True,publica
usr_0070,res_1447,2023-10-12,False,privada
usr_0389,res_1448,2023-04-15,False,amigos
usr_0085,res_1449,2022-11-14,False,privada
usr_0611,res_1450,2024-10-19,False,amigos
usr_0631,res_1451,2024-09-17,True,privada
usr_0125,res_1452,2022-12-01,False,publica
usr_0781,res_1453,2023-03-08,True,publica
usr_0487,res_1454,2024-07-21,True,amigos
usr_0305,res_1455,2023-12-09,True,amigos
usr_0691,res_1456,2022-11-27,False,privada
usr_0467,res_1457,2022-11-23,True,amigos
usr_0350,res_1458,2024-01-19,False,publica
usr_0232,res_1459,2023-07-30,True,amigos
usr_0571,res_1460,2025-02-28,True,privada
usr_0103,res_1461,2023-01-07,False,amigos
usr_0241,res_1462,2024-04-23,True,privada
usr_0603,res_1463,2023-01-21,True,amigos
usr_0578,res_1464,2024-06-29,False,privada
usr_0052,res_1465,2023-08-20,False,privada
usr_0201,res_1466,2022-06-15,False,publica
usr_0198,res_1467,2023-04-11,False,amigos
usr_0175,res_1468,2024-10-26,False,privada
usr_0498,res_1469,2022-12-09,False,publica
usr_0553,res_1470,2022-06-09,True,publica
usr_0115,res_1471,2024-08-22,False,privada
usr_0668,res_1472,2022-03-18,False,publica
usr_0644,res_1473,2025-01-11,False,amigos
usr_0793,res_1474,2024-11-03,True,privada
usr_0367,res_1475,2022-04-09,True,amigos
usr_0304,res_1476,2024-06-15,False,privada
usr_0130,res_1477,2022-10-09,True,amigos
usr_0026,res_1478,2024-03-01,False,amigos
usr_0320,res_1479,2023-04-30,False,privada
usr_0655,res_1480,2024-01-20,False,publica
usr_0049,res_1481,2025-04-27,True,privada
usr_0417,res_1482,2023-11-08,True,privada
usr_0611,res_1483,2023-02-26,True,publica
usr_0157,res_1484,2024-01-14,False,privada
usr_0466,res_1485,2022-12-24,False,publica
usr_0164,res_1486,2023-11-21,True,privada
usr_0079,res_1487,2023-09-01,True,amigos
usr_0055,res_1488,2023-04-07,True,publica
usr_0209,res_1489,2024-06-13,False,publica
usr_0764,res_1490,2024-09-13,False,publica
usr_0660,res_1491,2023-07-23,False,amigos
usr_0147,res_1492,2024-01-08,False,amigos
usr_0296,res_1493,2022-04-18,True,publica
usr_0086,res_1494,2023-01-23,True,amigos
usr_0112,res_1495,2023-12-14,False,privada
usr_0580,res_1496,2022-07-08,True,publica
usr_0188,res_1497,2023-12-13,False,publica
usr_0655,res_1498,2024-12-10,False,publica
usr_0525,res_1499,2024-01-27,False,privada
usr_0329,res_1500,2024-02-04,True,amigos
