id,nombre,email,edad,fechaRegistro,activo
usr_0001,usuario_0001,usuario_0001@ejemplo.com,61,2022-08-21,True
usr_0002,usuario_0002,usuario_0002@ejemplo.com,40,2021-01-28,True
usr_0003,usuario_0003,usuario_0003@ejemplo.com,67,2023-08-03,True
usr_0004,usuario_0004,usuario_0004@ejemplo.com,66,2020-12-06,True
usr_0005,usuario_0005,usuario_0005@ejemplo.com,58,2024-02-22,True
usr_0006,usuario_0006,usuario_0006@ejemplo.com,44,2020-06-30,False
usr_0007,usuario_0007,usuario_0007@ejemplo.com,22,2023-09-24,False
usr_0008,usuario_0008,usuario_0008@ejemplo.com,64,2020-11-25,False
usr_0009,usuario_0009,usuario_0009@ejemplo.com,52,2025-03-30,False
usr_0010,usuario_0010,usuario_0010@ejemplo.com,62,2021-05-28,False
usr_0011,usuario_0011,usuario_0011@ejemplo.com,41,2024-01-21,True
usr_0012,usuario_0012,usuario_0012@ejemplo.com,75,2025-01-01,True
usr_0013,usuario_0013,usuario_0013@ejemplo.com,55,2022-08-19,True
usr_0014,usuario_0014,usuario_0014@ejemplo.com,28,2023-11-02,True
usr_0015,usuario_0015,usuario_0015@ejemplo.com,56,2021-07-25,False
usr_0016,usuario_0016,usuario_0016@ejemplo.com,50,2024-03-31,False
usr_0017,usuario_0017,usuario_0017@ejemplo.com,63,2024-11-17,True
usr_0018,usuario_0018,usuario_0018@ejemplo.com,41,2022-12-14,True
usr_0019,usuario_0019,usuario_0019@ejemplo.com,51,2024-11-12,True
usr_0020,usuario_0020,usuario_0020@ejemplo.com,73,2020-09-08,True
usr_0021,usuario_0021,usuario_0021@ejemplo.com,26,2024-01-22,True
usr_0022,usuario_0022,usuario_0022@ejemplo.com,20,2024-04-29,True
usr_0023,usuario_0023,usuario_0023@ejemplo.com,74,2023-12-08,True
usr_0024,usuario_0024,usuario_0024@ejemplo.com,23,2022-11-11,True
usr_0025,usuario_0025,usuario_0025@ejemplo.com,70,2025-04-07,False
usr_0026,usuario_0026,usuario_0026@ejemplo.com,26,2021-12-14,True
usr_0027,usuario_0027,usuario_0027@ejemplo.com,58,2023-04-02,True
usr_0028,usuario_0028,usuario_0028@ejemplo.com,70,2024-02-08,True
usr_0029,usuario_0029,usuario_0029@ejemplo.com,73,2022-10-24,True
usr_0030,usuario_0030,usuario_0030@ejemplo.com,32,2021-11-30,True
usr_0031,usuario_0031,usuario_0031@ejemplo.com,32,2020-05-11,True
usr_0032,usuario_0032,usuario_0032@ejemplo.com,35,2023-01-08,True
usr_0033,usuario_0033,usuario_0033@ejemplo.com,20,2021-06-19,True
usr_0034,usuario_0034,usuario_0034@ejemplo.com,18,2024-12-28,True
usr_0035,usuario_0035,usuario_0035@ejemplo.com,37,2022-04-03,True
usr_0036,usuario_0036,usuario_0036@ejemplo.com,16,2021-02-19,True
usr_0037,usuario_0037,usuario_0037@ejemplo.com,47,2020-11-04,False
usr_0038,usuario_0038,usuario_0038@ejemplo.com,45,2021-01-25,True
usr_0039,usuario_0039,usuario_0039@ejemplo.com,57,2021-09-12,True
usr_0040,usuario_0040,usuario_0040@ejemplo.com,34,2022-07-03,False
usr_0041,usuario_0041,usuario_0041@ejemplo.com,38,2022-06-26,True
usr_0042,usuario_0042,usuario_0042@ejemplo.com,42,2024-08-23,False
usr_0043,usuario_0043,usuario_0043@ejemplo.com,56,2020-10-12,True
usr_0044,usuario_0044,usuario_0044@ejemplo.com,27,2020-10-29,True
usr_0045,usuario_0045,usuario_0045@ejemplo.com,18,2022-12-10,False
usr_0046,usuario_0046,usuario_0046@ejemplo.com,26,2024-10-07,False
usr_0047,usuario_0047,usuario_0047@ejemplo.com,73,2023-01-03,True
usr_0048,usuario_0048,usuario_0048@ejemplo.com,39,2021-08-21,True
usr_0049,usuario_0049,usuario_0049@ejemplo.com,34,2022-06-16,False
usr_0050,usuario_0050,usuario_0050@ejemplo.com,18,2023-11-04,True
usr_0051,usuario_0051,usuario_0051@ejemplo.com,28,2020-02-11,True
usr_0052,usuario_0052,usuario_0052@ejemplo.com,69,2022-01-10,False
usr_0053,usuario_0053,usuario_0053@ejemplo.com,26,2022-12-02,True
usr_0054,usuario_0054,usuario_0054@ejemplo.com,40,2022-08-14,True
usr_0055,usuario_0055,usuario_0055@ejemplo.com,40,2021-03-04,True
usr_0056,usuario_0056,usuario_0056@ejemplo.com,40,2021-02-18,True
usr_0057,usuario_0057,usuario_0057@ejemplo.com,16,2024-10-10,True
usr_0058,usuario_0058,usuario_0058@ejemplo.com,39,2020-03-26,True
usr_0059,usuario_0059,usuario_0059@ejemplo.com,45,2020-11-18,False
usr_0060,usuario_0060,usuario_0060@ejemplo.com,72,2020-11-07,True
usr_0061,usuario_0061,usuario_0061@ejemplo.com,30,2025-04-18,True
usr_0062,usuario_0062,usuario_0062@ejemplo.com,59,2024-12-28,False
usr_0063,usuario_0063,usuario_0063@ejemplo.com,34,2023-05-31,True
usr_0064,usuario_0064,usuario_0064@ejemplo.com,47,2024-08-17,True
usr_0065,usuario_0065,usuario_0065@ejemplo.com,65,2024-12-20,False
usr_0066,usuario_0066,usuario_0066@ejemplo.com,33,2023-03-15,True
usr_0067,usuario_0067,usuario_0067@ejemplo.com,55,2020-07-03,False
usr_0068,usuario_0068,usuario_0068@ejemplo.com,66,2021-05-05,True
usr_0069,usuario_0069,usuario_0069@ejemplo.com,69,2023-08-28,True
usr_0070,usuario_0070,usuario_0070@ejemplo.com,69,2023-10-24,True
usr_0071,usuario_0071,usuario_0071@ejemplo.com,29,2025-04-14,True
usr_0072,usuario_0072,usuario_0072@ejemplo.com,18,2023-12-31,True
usr_0073,usuario_0073,usuario_0073@ejemplo.com,39,2022-04-23,True
usr_0074,usuario_0074,usuario_0074@ejemplo.com,64,2022-02-07,False
usr_0075,usuario_0075,usuario_0075@ejemplo.com,26,2024-03-19,True
usr_0076,usuario_0076,usuario_0076@ejemplo.com,48,2021-07-15,True
usr_0077,usuario_0077,usuario_0077@ejemplo.com,68,2021-10-13,True
usr_0078,usuario_0078,usuario_0078@ejemplo.com,19,2021-08-17,True
usr_0079,usuario_0079,usuario_0079@ejemplo.com,49,2023-07-25,True
usr_0080,usuario_0080,usuario_0080@ejemplo.com,44,2023-06-14,False
usr_0081,usuario_0081,usuario_0081@ejemplo.com,24,2020-11-29,True
usr_0082,usuario_0082,usuario_0082@ejemplo.com,19,2024-04-13,True
usr_0083,usuario_0083,usuario_0083@ejemplo.com,55,2020-01-04,True
usr_0084,usuario_0084,usuario_0084@ejemplo.com,48,2022-05-24,True
usr_0085,usuario_0085,usuario_0085@ejemplo.com,17,2022-02-22,False
usr_0086,usuario_0086,usuario_0086@ejemplo.com,62,2020-03-30,True
usr_0087,usuario_0087,usuario_0087@ejemplo.com,26,2024-11-09,False
usr_0088,usuario_0088,usuario_0088@ejemplo.com,72,2020-01-13,True
usr_0089,usuario_0089,usuario_0089@ejemplo.com,41,2023-04-25,True
usr_0090,usuario_0090,usuario_0090@ejemplo.com,55,2020-07-31,False
usr_0091,usuario_0091,usuario_0091@ejemplo.com,31,2023-06-08,True
usr_0092,usuario_0092,usuario_0092@ejemplo.com,27,2022-11-12,True
usr_0093,usuario_0093,usuario_0093@ejemplo.com,73,2024-08-12,False
usr_0094,usuario_0094,usuario_0094@ejemplo.com,72,2024-08-07,True
usr_0095,usuario_0095,usuario_0095@ejemplo.com,72,2021-10-01,True
usr_0096,usuario_0096,usuario_0096@ejemplo.com,19,2020-02-18,False
usr_0097,usuario_0097,usuario_0097@ejemplo.com,39,2023-07-07,False
usr_0098,usuario_0098,usuario_0098@ejemplo.com,49,2023-01-19,True
usr_0099,usuario_0099,usuario_0099@ejemplo.com,35,2022-08-21,True
usr_0100,usuario_0100,usuario_0100@ejemplo.com,69,2024-08-22,True
usr_0101,usuario_0101,usuario_0101@ejemplo.com,73,2020-06-04,False
usr_0102,usuario_0102,usuario_0102@ejemplo.com,37,2020-04-24,True
usr_0103,usuario_0103,usuario_0103@ejemplo.com,73,2023-10-31,True
usr_0104,usuario_0104,usuario_0104@ejemplo.com,24,2025-01-10,True
usr_0105,usuario_0105,usuario_0105@ejemplo.com,64,2022-12-10,True
usr_0106,usuario_0106,usuario_0106@ejemplo.com,37,2021-06-28,True
usr_0107,usuario_0107,usuario_0107@ejemplo.com,69,2024-09-07,True
usr_0108,usuario_0108,usuario_0108@ejemplo.com,44,2020-06-05,True
usr_0109,usuario_0109,usuario_0109@ejemplo.com,56,2025-03-09,True
usr_0110,usuario_0110,usuario_0110@ejemplo.com,58,2022-08-08,True
usr_0111,usuario_0111,usuario_0111@ejemplo.com,54,2022-11-22,True
usr_0112,usuario_0112,usuario_0112@ejemplo.com,16,2020-12-11,True
usr_0113,usuario_0113,usuario_0113@ejemplo.com,57,2023-09-11,True
usr_0114,usuario_0114,usuario_0114@ejemplo.com,37,2023-08-01,True
usr_0115,usuario_0115,usuario_0115@ejemplo.com,68,2022-05-21,False
usr_0116,usuario_0116,usuario_0116@ejemplo.com,43,2020-07-12,True
usr_0117,usuario_0117,usuario_0117@ejemplo.com,49,2021-11-26,True
usr_0118,usuario_0118,usuario_0118@ejemplo.com,74,2021-03-31,True
usr_0119,usuario_0119,usuario_0119@ejemplo.com,64,2020-09-06,False
usr_0120,usuario_0120,usuario_0120@ejemplo.com,63,2020-06-14,True
usr_0121,usuario_0121,usuario_0121@ejemplo.com,44,2023-03-23,True
usr_0122,usuario_0122,usuario_0122@ejemplo.com,37,2021-06-07,True
usr_0123,usuario_0123,usuario_0123@ejemplo.com,25,2023-02-26,True
usr_0124,usuario_0124,usuario_0124@ejemplo.com,33,2024-03-23,True
usr_0125,usuario_0125,usuario_0125@ejemplo.com,25,2020-01-12,True
usr_0126,usuario_0126,usuario_0126@ejemplo.com,47,2023-10-07,True
usr_0127,usuario_0127,usuario_0127@ejemplo.com,37,2024-05-29,True
usr_0128,usuario_0128,usuario_0128@ejemplo.com,18,2022-11-08,True
usr_0129,usuario_0129,usuario_0129@ejemplo.com,23,2020-08-14,False
usr_0130,usuario_0130,usuario_0130@ejemplo.com,70,2022-03-14,True
usr_0131,usuario_0131,usuario_0131@ejemplo.com,22,2024-07-27,True
usr_0132,usuario_0132,usuario_0132@ejemplo.com,41,2023-05-28,False
usr_0133,usuario_0133,usuario_0133@ejemplo.com,25,2021-11-15,True
usr_0134,usuario_0134,usuario_0134@ejemplo.com,69,2021-11-01,True
usr_0135,usuario_0135,usuario_0135@ejemplo.com,45,2024-02-17,True
usr_0136,usuario_0136,usuario_0136@ejemplo.com,60,2020-10-05,True
usr_0137,usuario_0137,usuario_0137@ejemplo.com,62,2025-02-23,True
usr_0138,usuario_0138,usuario_0138@ejemplo.com,29,2024-12-22,True
usr_0139,usuario_0139,usuario_0139@ejemplo.com,30,2020-04-20,True
usr_0140,usuario_0140,usuario_0140@ejemplo.com,67,2023-11-10,True
usr_0141,usuario_0141,usuario_0141@ejemplo.com,38,2020-04-03,True
usr_0142,usuario_0142,usuario_0142@ejemplo.com,46,2021-05-28,False
usr_0143,usuario_0143,usuario_0143@ejemplo.com,67,2020-11-07,True
usr_0144,usuario_0144,usuario_0144@ejemplo.com,50,2021-04-16,True
usr_0145,usuario_0145,usuario_0145@ejemplo.com,33,2020-04-06,True
usr_0146,usuario_0146,usuario_0146@ejemplo.com,45,2023-08-08,False
usr_0147,usuario_0147,usuario_0147@ejemplo.com,37,2021-06-10,True
usr_0148,usuario_0148,usuario_0148@ejemplo.com,53,2023-04-11,True
usr_0149,usuario_0149,usuario_0149@ejemplo.com,24,2024-09-22,True
usr_0150,usuario_0150,usuario_0150@ejemplo.com,62,2022-12-10,True
usr_0151,usuario_0151,usuario_0151@ejemplo.com,27,2021-04-05,True
usr_0152,usuario_0152,usuario_0152@ejemplo.com,48,2022-04-21,True
usr_0153,usuario_0153,usuario_0153@ejemplo.com,67,2020-07-15,True
usr_0154,usuario_0154,usuario_0154@ejemplo.com,50,2022-04-22,True
usr_0155,usuario_0155,usuario_0155@ejemplo.com,68,2020-09-19,True
usr_0156,usuario_0156,usuario_0156@ejemplo.com,47,2021-10-15,True
usr_0157,usuario_0157,usuario_0157@ejemplo.com,36,2020-04-27,True
usr_0158,usuario_0158,usuario_0158@ejemplo.com,74,2023-10-06,False
usr_0159,usuario_0159,usuario_0159@ejemplo.com,57,2020-08-04,True
usr_0160,usuario_0160,usuario_0160@ejemplo.com,52,2020-02-26,True
usr_0161,usuario_0161,usuario_0161@ejemplo.com,22,2023-02-14,True
usr_0162,usuario_0162,usuario_0162@ejemplo.com,73,2021-03-08,False
usr_0163,usuario_0163,usuario_0163@ejemplo.com,46,2020-12-14,True
usr_0164,usuario_0164,usuario_0164@ejemplo.com,18,2023-06-12,True
usr_0165,usuario_0165,usuario_0165@ejemplo.com,45,2021-06-02,True
usr_0166,usuario_0166,usuario_0166@ejemplo.com,31,2022-08-21,True
usr_0167,usuario_0167,usuario_0167@ejemplo.com,51,2020-08-07,True
usr_0168,usuario_0168,usuario_0168@ejemplo.com,45,2020-09-12,False
usr_0169,usuario_0169,usuario_0169@ejemplo.com,75,2021-05-29,True
usr_0170,usuario_0170,usuario_0170@ejemplo.com,16,2021-02-14,True
usr_0171,usuario_0171,usuario_0171@ejemplo.com,37,2022-03-18,True
usr_0172,usuario_0172,usuario_0172@ejemplo.com,73,2025-04-25,False
usr_0173,usuario_0173,usuario_0173@ejemplo.com,36,2023-10-12,False
usr_0174,usuario_0174,usuario_0174@ejemplo.com,63,2021-03-02,False
usr_0175,usuario_0175,usuario_0175@ejemplo.com,33,2024-05-17,True
usr_0176,usuario_0176,usuario_0176@ejemplo.com,53,2022-02-13,False
usr_0177,usuario_0177,usuario_0177@ejemplo.com,39,2025-04-20,True
usr_0178,usuario_0178,usuario_0178@ejemplo.com,43,2020-10-03,True
usr_0179,usuario_0179,usuario_0179@ejemplo.com,40,2022-02-14,True
usr_0180,usuario_0180,usuario_0180@ejemplo.com,64,2021-08-21,False
usr_0181,usuario_0181,usuario_0181@ejemplo.com,31,2020-07-31,True
usr_0182,usuario_0182,usuario_0182@ejemplo.com,15,2023-02-17,True
usr_0183,usuario_0183,usuario_0183@ejemplo.com,49,2020-01-04,True
usr_0184,usuario_0184,usuario_0184@ejemplo.com,42,2022-11-24,True
usr_0185,usuario_0185,usuario_0185@ejemplo.com,47,2023-08-02,True
usr_0186,usuario_0186,usuario_0186@ejemplo.com,37,2024-09-16,True
usr_0187,usuario_0187,usuario_0187@ejemplo.com,65,2022-12-28,True
usr_0188,usuario_0188,usuario_0188@ejemplo.com,15,2021-09-18,True
usr_0189,usuario_0189,usuario_0189@ejemplo.com,52,2021-05-20,True
usr_0190,usuario_0190,usuario_0190@ejemplo.com,22,2022-04-03,True
usr_0191,usuario_0191,usuario_0191@ejemplo.com,23,2022-03-21,True
usr_0192,usuario_0192,usuario_0192@ejemplo.com,45,2022-06-22,True
usr_0193,usuario_0193,usuario_0193@ejemplo.com,23,2023-11-13,False
usr_0194,usuario_0194,usuario_0194@ejemplo.com,41,2023-02-22,True
usr_0195,usuario_0195,usuario_0195@ejemplo.com,75,2023-02-18,True
usr_0196,usuario_0196,usuario_0196@ejemplo.com,28,2023-09-26,True
usr_0197,usuario_0197,usuario_0197@ejemplo.com,42,2021-02-06,False
usr_0198,usuario_0198,usuario_0198@ejemplo.com,45,2022-12-07,True
usr_0199,usuario_0199,usuario_0199@ejemplo.com,44,2021-10-07,True
usr_0200,usuario_0200,usuario_0200@ejemplo.com,31,2024-09-04,True
usr_0201,usuario_0201,usuario_0201@ejemplo.com,30,2021-11-23,True
usr_0202,usuario_0202,usuario_0202@ejemplo.com,46,2022-02-28,True
usr_0203,usuario_0203,usuario_0203@ejemplo.com,25,2023-06-02,True
usr_0204,usuario_0204,usuario_0204@ejemplo.com,63,2023-06-09,True
usr_0205,usuario_0205,usuario_0205@ejemplo.com,15,2021-03-04,True
usr_0206,usuario_0206,usuario_0206@ejemplo.com,30,2023-05-12,True
usr_0207,usuario_0207,usuario_0207@ejemplo.com,23,2024-02-25,False
usr_0208,usuario_0208,usuario_0208@ejemplo.com,17,2022-12-04,True
usr_0209,usuario_0209,usuario_0209@ejemplo.com,27,2021-01-05,False
usr_0210,usuario_0210,usuario_0210@ejemplo.com,71,2021-04-29,True
usr_0211,usuario_0211,usuario_0211@ejemplo.com,60,2024-11-06,True
usr_0212,usuario_0212,usuario_0212@ejemplo.com,20,2020-06-21,True
usr_0213,usuario_0213,usuario_0213@ejemplo.com,54,2024-07-16,False
usr_0214,usuario_0214,usuario_0214@ejemplo.com,68,2024-01-14,True
usr_0215,usuario_0215,usuario_0215@ejemplo.com,44,2021-11-04,True
usr_0216,usuario_0216,usuario_0216@ejemplo.com,61,2022-09-29,True
usr_0217,usuario_0217,usuario_0217@ejemplo.com,58,2024-11-15,False
usr_0218,usuario_0218,usuario_0218@ejemplo.com,69,2022-08-06,True
usr_0219,usuario_0219,usuario_0219@ejemplo.com,32,2024-04-07,True
usr_0220,usuario_0220,usuario_0220@ejemplo.com,51,2022-05-04,False
usr_0221,usuario_0221,usuario_0221@ejemplo.com,49,2020-05-18,True
usr_0222,usuario_0222,usuario_0222@ejemplo.com,38,2024-08-12,False
usr_0223,usuario_0223,usuario_0223@ejemplo.com,70,2021-11-19,False
usr_0224,usuario_0224,usuario_0224@ejemplo.com,75,2022-07-12,True
usr_0225,usuario_0225,usuario_0225@ejemplo.com,54,2022-02-27,True
usr_0226,usuario_0226,usuario_0226@ejemplo.com,64,2025-03-18,True
usr_0227,usuario_0227,usuario_0227@ejemplo.com,57,2021-02-14,True
usr_0228,usuario_0228,usuario_0228@ejemplo.com,16,2021-12-03,False
usr_0229,usuario_0229,usuario_0229@ejemplo.com,28,2025-02-03,False
usr_0230,usuario_0230,usuario_0230@ejemplo.com,49,2025-01-25,True
usr_0231,usuario_0231,usuario_0231@ejemplo.com,74,2020-04-14,True
usr_0232,usuario_0232,usuario_0232@ejemplo.com,33,2024-07-17,True
usr_0233,usuario_0233,usuario_0233@ejemplo.com,60,2023-10-13,False
usr_0234,usuario_0234,usuario_0234@ejemplo.com,71,2021-10-04,False
usr_0235,usuario_0235,usuario_0235@ejemplo.com,54,2023-08-01,True
usr_0236,usuario_0236,usuario_0236@ejemplo.com,71,2021-03-15,True
usr_0237,usuario_0237,usuario_0237@ejemplo.com,45,2024-10-18,True
usr_0238,usuario_0238,usuario_0238@ejemplo.com,66,2020-08-01,False
usr_0239,usuario_0239,usuario_0239@ejemplo.com,57,2022-07-18,True
usr_0240,usuario_0240,usuario_0240@ejemplo.com,58,2024-01-12,False
usr_0241,usuario_0241,usuario_0241@ejemplo.com,75,2025-03-05,True
usr_0242,usuario_0242,usuario_0242@ejemplo.com,39,2021-10-17,False
usr_0243,usuario_0243,usuario_0243@ejemplo.com,26,2021-04-19,False
usr_0244,usuario_0244,usuario_0244@ejemplo.com,30,2021-09-23,True
usr_0245,usuario_0245,usuario_0245@ejemplo.com,22,2020-03-06,True
usr_0246,usuario_0246,usuario_0246@ejemplo.com,49,2024-10-25,True
usr_0247,usuario_0247,usuario_0247@ejemplo.com,43,2023-02-12,False
usr_0248,usuario_0248,usuario_0248@ejemplo.com,43,2025-03-25,True
usr_0249,usuario_0249,usuario_0249@ejemplo.com,75,2020-10-24,False
usr_0250,usuario_0250,usuario_0250@ejemplo.com,35,2024-07-15,False
usr_0251,usuario_0251,usuario_0251@ejemplo.com,59,2020-11-23,True
usr_0252,usuario_0252,usuario_0252@ejemplo.com,50,2020-10-21,True
usr_0253,usuario_0253,usuario_0253@ejemplo.com,25,2024-10-05,False
usr_0254,usuario_0254,usuario_0254@ejemplo.com,63,2023-02-25,True
usr_0255,usuario_0255,usuario_0255@ejemplo.com,73,2023-08-21,True
usr_0256,usuario_0256,usuario_0256@ejemplo.com,31,2023-03-28,True
usr_0257,usuario_0257,usuario_0257@ejemplo.com,54,2024-12-05,False
usr_0258,usuario_0258,usuario_0258@ejemplo.com,16,2023-07-30,True
usr_0259,usuario_0259,usuario_0259@ejemplo.com,21,2024-01-12,True
usr_0260,usuario_0260,usuario_0260@ejemplo.com,58,2023-02-21,True
usr_0261,usuario_0261,usuario_0261@ejemplo.com,71,2022-01-23,True
usr_0262,usuario_0262,usuario_0262@ejemplo.com,44,2023-12-31,True
usr_0263,usuario_0263,usuario_0263@ejemplo.com,18,2023-12-17,True
usr_0264,usuario_0264,usuario_0264@ejemplo.com,28,2022-07-22,False
usr_0265,usuario_0265,usuario_0265@ejemplo.com,28,2020-09-10,True
usr_0266,usuario_0266,usuario_0266@ejemplo.com,38,2023-03-04,False
usr_0267,usuario_0267,usuario_0267@ejemplo.com,46,2020-02-14,False
usr_0268,usuario_0268,usuario_0268@ejemplo.com,67,2020-09-09,False
usr_0269,usuario_0269,usuario_0269@ejemplo.com,63,2023-06-28,True
usr_0270,usuario_0270,usuario_0270@ejemplo.com,31,2023-01-26,True
usr_0271,usuario_0271,usuario_0271@ejemplo.com,32,2024-03-15,True
usr_0272,usuario_0272,usuario_0272@ejemplo.com,15,2020-01-10,True
usr_0273,usuario_0273,usuario_0273@ejemplo.com,62,2024-02-12,True
usr_0274,usuario_0274,usuario_0274@ejemplo.com,17,2024-05-25,False
usr_0275,usuario_0275,usuario_0275@ejemplo.com,38,2022-04-20,True
usr_0276,usuario_0276,usuario_0276@ejemplo.com,24,2021-05-03,True
usr_0277,usuario_0277,usuario_0277@ejemplo.com,18,2024-01-28,False
usr_0278,usuario_0278,usuario_0278@ejemplo.com,34,2024-05-07,True
usr_0279,usuario_0279,usuario_0279@ejemplo.com,43,2024-04-23,False
usr_0280,usuario_0280,usuario_0280@ejemplo.com,25,2023-04-11,False
usr_0281,usuario_0281,usuario_0281@ejemplo.com,48,2024-02-25,True
usr_0282,usuario_0282,usuario_0282@ejemplo.com,26,2024-02-10,True
usr_0283,usuario_0283,usuario_0283@ejemplo.com,62,2024-06-10,True
usr_0284,usuario_0284,usuario_0284@ejemplo.com,24,2022-07-17,True
usr_0285,usuario_0285,usuario_0285@ejemplo.com,62,2021-07-01,True
usr_0286,usuario_0286,usuario_0286@ejemplo.com,52,2023-12-27,False
usr_0287,usuario_0287,usuario_0287@ejemplo.com,51,2024-08-12,True
usr_0288,usuario_0288,usuario_0288@ejemplo.com,72,2024-11-04,True
usr_0289,usuario_0289,usuario_0289@ejemplo.com,22,2024-06-20,False
usr_0290,usuario_0290,usuario_0290@ejemplo.com,59,2021-02-03,False
usr_0291,usuario_0291,usuario_0291@ejemplo.com,41,2023-07-16,True
usr_0292,usuario_0292,usuario_0292@ejemplo.com,32,2022-07-01,True
usr_0293,usuario_0293,usuario_0293@ejemplo.com,47,2025-01-19,False
usr_0294,usuario_0294,usuario_0294@ejemplo.com,68,2023-02-21,True
usr_0295,usuario_0295,usuario_0295@ejemplo.com,57,2022-09-18,True
usr_0296,usuario_0296,usuario_0296@ejemplo.com,73,2020-05-02,True
usr_0297,usuario_0297,usuario_0297@ejemplo.com,27,2023-04-17,True
usr_0298,usuario_0298,usuario_0298@ejemplo.com,37,2023-08-19,True
usr_0299,usuario_0299,usuario_0299@ejemplo.com,65,2022-05-30,False
usr_0300,usuario_0300,usuario_0300@ejemplo.com,44,2020-09-03,True
usr_0301,usuario_0301,usuario_0301@ejemplo.com,27,2024-01-03,False
usr_0302,usuario_0302,usuario_0302@ejemplo.com,15,2024-04-21,True
usr_0303,usuario_0303,usuario_0303@ejemplo.com,45,2021-08-15,True
usr_0304,usuario_0304,usuario_0304@ejemplo.com,59,2020-02-11,True
usr_0305,usuario_0305,usuario_0305@ejemplo.com,18,2025-03-08,True
usr_0306,usuario_0306,usuario_0306@ejemplo.com,37,2022-02-11,True
usr_0307,usuario_0307,usuario_0307@ejemplo.com,17,2021-08-24,True
usr_0308,usuario_0308,usuario_0308@ejemplo.com,27,2025-01-17,True
usr_0309,usuario_0309,usuario_0309@ejemplo.com,41,2023-10-28,False
usr_0310,usuario_0310,usuario_0310@ejemplo.com,69,2022-10-09,False
usr_0311,usuario_0311,usuario_0311@ejemplo.com,37,2020-10-29,False
usr_0312,usuario_0312,usuario_0312@ejemplo.com,64,2020-01-02,False
usr_0313,usuario_0313,usuario_0313@ejemplo.com,22,2020-11-14,False
usr_0314,usuario_0314,usuario_0314@ejemplo.com,51,2023-12-18,False
usr_0315,usuario_0315,usuario_0315@ejemplo.com,21,2022-06-18,False
usr_0316,usuario_0316,usuario_0316@ejemplo.com,28,2024-02-27,True
usr_0317,usuario_0317,usuario_0317@ejemplo.com,15,2022-04-20,True
usr_0318,usuario_0318,usuario_0318@ejemplo.com,26,2023-11-27,False
usr_0319,usuario_0319,usuario_0319@ejemplo.com,25,2023-03-12,True
usr_0320,usuario_0320,usuario_0320@ejemplo.com,59,2021-08-25,True
usr_0321,usuario_0321,usuario_0321@ejemplo.com,47,2023-01-26,True
usr_0322,usuario_0322,usuario_0322@ejemplo.com,46,2025-02-03,False
usr_0323,usuario_0323,usuario_0323@ejemplo.com,44,2022-03-25,True
usr_0324,usuario_0324,usuario_0324@ejemplo.com,74,2024-11-05,True
usr_0325,usuario_0325,usuario_0325@ejemplo.com,69,2024-12-15,False
usr_0326,usuario_0326,usuario_0326@ejemplo.com,17,2020-10-21,True
usr_0327,usuario_0327,usuario_0327@ejemplo.com,34,2021-05-19,True
usr_0328,usuario_0328,usuario_0328@ejemplo.com,40,2023-08-04,True
usr_0329,usuario_0329,usuario_0329@ejemplo.com,51,2020-05-16,True
usr_0330,usuario_0330,usuario_0330@ejemplo.com,47,2021-09-24,False
usr_0331,usuario_0331,usuario_0331@ejemplo.com,32,2024-12-19,False
usr_0332,usuario_0332,usuario_0332@ejemplo.com,23,2021-11-18,False
usr_0333,usuario_0333,usuario_0333@ejemplo.com,18,2024-08-18,True
usr_0334,usuario_0334,usuario_0334@ejemplo.com,39,2024-07-10,False
usr_0335,usuario_0335,usuario_0335@ejemplo.com,72,2022-11-15,True
usr_0336,usuario_0336,usuario_0336@ejemplo.com,56,2020-04-01,True
usr_0337,usuario_0337,usuario_0337@ejemplo.com,42,2023-06-24,True
usr_0338,usuario_0338,usuario_0338@ejemplo.com,40,2023-11-21,True
usr_0339,usuario_0339,usuario_0339@ejemplo.com,35,2023-12-25,True
usr_0340,usuario_0340,usuario_0340@ejemplo.com,17,2023-09-20,True
usr_0341,usuario_0341,usuario_0341@ejemplo.com,40,2025-02-07,True
usr_0342,usuario_0342,usuario_0342@ejemplo.com,30,2021-06-11,True
usr_0343,usuario_0343,usuario_0343@ejemplo.com,59,2023-07-01,False
usr_0344,usuario_0344,usuario_0344@ejemplo.com,29,2020-07-10,True
usr_0345,usuario_0345,usuario_0345@ejemplo.com,24,2024-06-11,True
usr_0346,usuario_0346,usuario_0346@ejemplo.com,67,2024-07-24,False
usr_0347,usuario_0347,usuario_0347@ejemplo.com,39,2022-06-18,False
usr_0348,usuario_0348,usuario_0348@ejemplo.com,40,2021-10-23,True
usr_0349,usuario_0349,usuario_0349@ejemplo.com,56,2020-01-09,True
usr_0350,usuario_0350,usuario_0350@ejemplo.com,29,2024-02-16,True
usr_0351,usuario_0351,usuario_0351@ejemplo.com,32,2020-11-17,True
usr_0352,usuario_0352,usuario_0352@ejemplo.com,59,2024-11-01,False
usr_0353,usuario_0353,usuario_0353@ejemplo.com,51,2021-07-22,True
usr_0354,usuario_0354,usuario_0354@ejemplo.com,36,2021-04-03,True
usr_0355,usuario_0355,usuario_0355@ejemplo.com,75,2022-10-22,False
usr_0356,usuario_0356,usuario_0356@ejemplo.com,73,2020-05-30,False
usr_0357,usuario_0357,usuario_0357@ejemplo.com,50,2023-09-25,True
usr_0358,usuario_0358,usuario_0358@ejemplo.com,38,2023-02-08,True
usr_0359,usuario_0359,usuario_0359@ejemplo.com,30,2022-11-29,True
usr_0360,usuario_0360,usuario_0360@ejemplo.com,36,2022-07-16,True
usr_0361,usuario_0361,usuario_0361@ejemplo.com,26,2020-08-25,True
usr_0362,usuario_0362,usuario_0362@ejemplo.com,39,2024-05-07,False
usr_0363,usuario_0363,usuario_0363@ejemplo.com,69,2023-02-16,False
usr_0364,usuario_0364,usuario_0364@ejemplo.com,33,2021-12-31,True
usr_0365,usuario_0365,usuario_0365@ejemplo.com,68,2022-02-01,True
usr_0366,usuario_0366,usuario_0366@ejemplo.com,41,2020-08-13,True
usr_0367,usuario_0367,usuario_0367@ejemplo.com,22,2020-03-02,False
usr_0368,usuario_0368,usuario_0368@ejemplo.com,15,2024-02-14,True
usr_0369,usuario_0369,usuario_0369@ejemplo.com,57,2022-01-18,False
usr_0370,usuario_0370,usuario_0370@ejemplo.com,15,2022-01-15,True
usr_0371,usuario_0371,usuario_0371@ejemplo.com,54,2025-04-21,True
usr_0372,usuario_0372,usuario_0372@ejemplo.com,17,2023-02-25,False
usr_0373,usuario_0373,usuario_0373@ejemplo.com,49,2022-10-06,True
usr_0374,usuario_0374,usuario_0374@ejemplo.com,33,2020-07-08,True
usr_0375,usuario_0375,usuario_0375@ejemplo.com,64,2021-01-26,True
usr_0376,usuario_0376,usuario_0376@ejemplo.com,74,2023-10-11,False
usr_0377,usuario_0377,usuario_0377@ejemplo.com,56,2020-12-20,True
usr_0378,usuario_0378,usuario_0378@ejemplo.com,50,2022-03-24,True
usr_0379,usuario_0379,usuario_0379@ejemplo.com,70,2022-03-28,True
usr_0380,usuario_0380,usuario_0380@ejemplo.com,35,2022-06-01,True
usr_0381,usuario_0381,usuario_0381@ejemplo.com,17,2022-02-23,True
usr_0382,usuario_0382,usuario_0382@ejemplo.com,36,2023-09-24,True
usr_0383,usuario_0383,usuario_0383@ejemplo.com,19,2022-01-19,True
usr_0384,usuario_0384,usuario_0384@ejemplo.com,45,2024-06-27,False
usr_0385,usuario_0385,usuario_0385@ejemplo.com,59,2022-01-13,True
usr_0386,usuario_0386,usuario_0386@ejemplo.com,70,2023-04-13,True
usr_0387,usuario_0387,usuario_0387@ejemplo.com,45,2024-12-02,True
usr_0388,usuario_0388,usuario_0388@ejemplo.com,52,2021-11-16,True
usr_0389,usuario_0389,usuario_0389@ejemplo.com,19,2024-09-06,True
usr_0390,usuario_0390,usuario_0390@ejemplo.com,44,2024-07-01,True
usr_0391,usuario_0391,usuario_0391@ejemplo.com,32,2024-04-16,True
usr_0392,usuario_0392,usuario_0392@ejemplo.com,66,2024-11-12,True
usr_0393,usuario_0393,usuario_0393@ejemplo.com,48,2023-08-16,True
usr_0394,usuario_0394,usuario_0394@ejemplo.com,57,2020-05-15,False
usr_0395,usuario_0395,usuario_0395@ejemplo.com,42,2023-11-09,True
usr_0396,usuario_0396,usuario_0396@ejemplo.com,22,2021-02-08,True
usr_0397,usuario_0397,usuario_0397@ejemplo.com,41,2024-04-12,True
usr_0398,usuario_0398,usuario_0398@ejemplo.com,40,2021-07-21,False
usr_0399,usuario_0399,usuario_0399@ejemplo.com,19,2021-10-17,True
usr_0400,usuario_0400,usuario_0400@ejemplo.com,75,2023-12-04,False
usr_0401,usuario_0401,usuario_0401@ejemplo.com,64,2021-11-17,True
usr_0402,usuario_0402,usuario_0402@ejemplo.com,24,2024-07-21,True
usr_0403,usuario_0403,usuario_0403@ejemplo.com,23,2024-09-30,True
usr_0404,usuario_0404,usuario_0404@ejemplo.com,72,2024-12-04,False
usr_0405,usuario_0405,usuario_0405@ejemplo.com,17,2024-02-27,True
usr_0406,usuario_0406,usuario_0406@ejemplo.com,15,2020-08-07,True
usr_0407,usuario_0407,usuario_0407@ejemplo.com,48,2023-11-16,True
usr_0408,usuario_0408,usuario_0408@ejemplo.com,25,2023-04-08,False
usr_0409,usuario_0409,usuario_0409@ejemplo.com,19,2023-06-14,True
usr_0410,usuario_0410,usuario_0410@ejemplo.com,17,2024-05-04,True
usr_0411,usuario_0411,usuario_0411@ejemplo.com,30,2022-07-05,True
usr_0412,usuario_0412,usuario_0412@ejemplo.com,50,2023-09-26,True
usr_0413,usuario_0413,usuario_0413@ejemplo.com,66,2020-10-05,False
usr_0414,usuario_0414,usuario_0414@ejemplo.com,47,2020-08-13,False
usr_0415,usuario_0415,usuario_0415@ejemplo.com,63,2025-03-11,True
usr_0416,usuario_0416,usuario_0416@ejemplo.com,15,2024-01-30,True
usr_0417,usuario_0417,usuario_0417@ejemplo.com,48,2024-10-10,True
usr_0418,usuario_0418,usuario_0418@ejemplo.com,35,2022-11-20,True
usr_0419,usuario_0419,usuario_0419@ejemplo.com,36,2024-10-12,True
usr_0420,usuario_0420,usuario_0420@ejemplo.com,49,2020-09-04,True
usr_0421,usuario_0421,usuario_0421@ejemplo.com,16,2021-01-29,True
usr_0422,usuario_0422,usuario_0422@ejemplo.com,33,2023-12-29,True
usr_0423,usuario_0423,usuario_0423@ejemplo.com,36,2020-03-09,True
usr_0424,usuario_0424,usuario_0424@ejemplo.com,59,2024-01-18,True
usr_0425,usuario_0425,usuario_0425@ejemplo.com,36,2022-02-10,True
usr_0426,usuario_0426,usuario_0426@ejemplo.com,36,2023-08-06,False
usr_0427,usuario_0427,usuario_0427@ejemplo.com,66,2024-06-30,True
usr_0428,usuario_0428,usuario_0428@ejemplo.com,55,2021-01-12,True
usr_0429,usuario_0429,usuario_0429@ejemplo.com,64,2021-04-28,True
usr_0430,usuario_0430,usuario_0430@ejemplo.com,21,2022-04-21,False
usr_0431,usuario_0431,usuario_0431@ejemplo.com,51,2021-09-13,False
usr_0432,usuario_0432,usuario_0432@ejemplo.com,16,2024-12-27,True
usr_0433,usuario_0433,usuario_0433@ejemplo.com,55,2020-06-02,True
usr_0434,usuario_0434,usuario_0434@ejemplo.com,73,2024-12-07,True
usr_0435,usuario_0435,usuario_0435@ejemplo.com,72,2022-05-30,False
usr_0436,usuario_0436,usuario_0436@ejemplo.com,68,2022-05-14,True
usr_0437,usuario_0437,usuario_0437@ejemplo.com,24,2022-11-01,True
usr_0438,usuario_0438,usuario_0438@ejemplo.com,24,2023-12-16,True
usr_0439,usuario_0439,usuario_0439@ejemplo.com,51,2022-12-08,True
usr_0440,usuario_0440,usuario_0440@ejemplo.com,40,2024-05-10,True
usr_0441,usuario_0441,usuario_0441@ejemplo.com,18,2022-07-25,True
usr_0442,usuario_0442,usuario_0442@ejemplo.com,54,2022-11-08,True
usr_0443,usuario_0443,usuario_0443@ejemplo.com,52,2025-01-20,True
usr_0444,usuario_0444,usuario_0444@ejemplo.com,53,2020-06-02,True
usr_0445,usuario_0445,usuario_0445@ejemplo.com,39,2020-01-10,True
usr_0446,usuario_0446,usuario_0446@ejemplo.com,15,2021-05-16,True
usr_0447,usuario_0447,usuario_0447@ejemplo.com,20,2024-01-22,True
usr_0448,usuario_0448,usuario_0448@ejemplo.com,62,2022-06-05,True
usr_0449,usuario_0449,usuario_0449@ejemplo.com,41,2023-11-07,True
usr_0450,usuario_0450,usuario_0450@ejemplo.com,46,2024-01-05,True
usr_0451,usuario_0451,usuario_0451@ejemplo.com,63,2022-05-09,False
usr_0452,usuario_0452,usuario_0452@ejemplo.com,37,2022-10-02,True
usr_0453,usuario_0453,usuario_0453@ejemplo.com,28,2020-02-16,True
usr_0454,usuario_0454,usuario_0454@ejemplo.com,51,2023-07-01,True
usr_0455,usuario_0455,usuario_0455@ejemplo.com,69,2020-04-27,True
usr_0456,usuario_0456,usuario_0456@ejemplo.com,30,2025-03-13,False
usr_0457,usuario_0457,usuario_0457@ejemplo.com,33,2023-08-22,True
usr_0458,usuario_0458,usuario_0458@ejemplo.com,40,2021-07-08,True
usr_0459,usuario_0459,usuario_0459@ejemplo.com,17,2022-12-18,False
usr_0460,usuario_0460,usuario_0460@ejemplo.com,24,2024-11-28,True
usr_0461,usuario_0461,usuario_0461@ejemplo.com,27,2024-06-14,True
usr_0462,usuario_0462,usuario_0462@ejemplo.com,64,2020-09-17,True
usr_0463,usuario_0463,usuario_0463@ejemplo.com,16,2022-08-24,True
usr_0464,usuario_0464,usuario_0464@ejemplo.com,32,2025-01-03,False
usr_0465,usuario_0465,usuario_0465@ejemplo.com,39,2021-06-05,True
usr_0466,usuario_0466,usuario_0466@ejemplo.com,73,2021-01-16,False
usr_0467,usuario_0467,usuario_0467@ejemplo.com,21,2025-01-02,True
usr_0468,usuario_0468,usuario_0468@ejemplo.com,57,2024-11-09,True
usr_0469,usuario_0469,usuario_0469@ejemplo.com,67,2024-09-15,True
usr_0470,usuario_0470,usuario_0470@ejemplo.com,46,2021-05-29,True
usr_0471,usuario_0471,usuario_0471@ejemplo.com,49,2022-03-23,True
usr_0472,usuario_0472,usuario_0472@ejemplo.com,47,2024-03-07,True
usr_0473,usuario_0473,usuario_0473@ejemplo.com,59,2021-10-23,True
usr_0474,usuario_0474,usuario_0474@ejemplo.com,51,2021-05-17,True
usr_0475,usuario_0475,usuario_0475@ejemplo.com,71,2020-03-15,True
usr_0476,usuario_0476,usuario_0476@ejemplo.com,38,2021-07-09,True
usr_0477,usuario_0477,usuario_0477@ejemplo.com,68,2020-10-15,False
usr_0478,usuario_0478,usuario_0478@ejemplo.com,47,2022-12-22,True
usr_0479,usuario_0479,usuario_0479@ejemplo.com,51,2023-01-22,True
usr_0480,usuario_0480,usuario_0480@ejemplo.com,52,2020-12-18,True
usr_0481,usuario_0481,usuario_0481@ejemplo.com,42,2023-06-07,False
usr_0482,usuario_0482,usuario_0482@ejemplo.com,38,2022-02-19,True
usr_0483,usuario_0483,usuario_0483@ejemplo.com,26,2022-01-28,False
usr_0484,usuario_0484,usuario_0484@ejemplo.com,66,2020-10-17,False
usr_0485,usuario_0485,usuario_0485@ejemplo.com,42,2023-11-10,True
usr_0486,usuario_0486,usuario_0486@ejemplo.com,23,2021-05-06,False
usr_0487,usuario_0487,usuario_0487@ejemplo.com,49,2021-04-28,True
usr_0488,usuario_0488,usuario_0488@ejemplo.com,66,2020-12-22,False
usr_0489,usuario_0489,usuario_0489@ejemplo.com,36,2021-04-17,True
usr_0490,usuario_0490,usuario_0490@ejemplo.com,22,2022-12-26,True
usr_0491,usuario_0491,usuario_0491@ejemplo.com,54,2024-02-23,True
usr_0492,usuario_0492,usuario_0492@ejemplo.com,36,2023-07-24,False
usr_0493,usuario_0493,usuario_0493@ejemplo.com,68,2023-02-22,True
usr_0494,usuario_0494,usuario_0494@ejemplo.com,25,2025-01-27,True
usr_0495,usuario_0495,usuario_0495@ejemplo.com,72,2022-11-18,True
usr_0496,usuario_0496,usuario_0496@ejemplo.com,20,2024-10-29,False
usr_0497,usuario_0497,usuario_0497@ejemplo.com,46,2020-06-14,True
usr_0498,usuario_0498,usuario_0498@ejemplo.com,41,2020-09-23,True
usr_0499,usuario_0499,usuario_0499@ejemplo.com,38,2024-11-11,True
usr_0500,usuario_0500,usuario_0500@ejemplo.com,23,2024-03-13,False
usr_0501,usuario_0501,usuario_0501@ejemplo.com,57,2024-04-02,True
usr_0502,usuario_0502,usuario_0502@ejemplo.com,32,2022-07-20,True
usr_0503,usuario_0503,usuario_0503@ejemplo.com,64,2022-01-17,True
usr_0504,usuario_0504,usuario_0504@ejemplo.com,32,2020-07-14,True
usr_0505,usuario_0505,usuario_0505@ejemplo.com,59,2021-05-20,True
usr_0506,usuario_0506,usuario_0506@ejemplo.com,16,2024-03-01,True
usr_0507,usuario_0507,usuario_0507@ejemplo.com,26,2025-04-29,True
usr_0508,usuario_0508,usuario_0508@ejemplo.com,62,2023-12-05,True
usr_0509,usuario_0509,usuario_0509@ejemplo.com,67,2022-12-18,False
usr_0510,usuario_0510,usuario_0510@ejemplo.com,68,2023-09-19,False
usr_0511,usuario_0511,usuario_0511@ejemplo.com,44,2024-10-20,True
usr_0512,usuario_0512,usuario_0512@ejemplo.com,71,2022-05-19,False
usr_0513,usuario_0513,usuario_0513@ejemplo.com,55,2022-09-23,True
usr_0514,usuario_0514,usuario_0514@ejemplo.com,45,2022-09-14,True
usr_0515,usuario_0515,usuario_0515@ejemplo.com,63,2020-04-15,True
usr_0516,usuario_0516,usuario_0516@ejemplo.com,20,2023-09-17,True
usr_0517,usuario_0517,usuario_0517@ejemplo.com,33,2020-01-04,True
usr_0518,usuario_0518,usuario_0518@ejemplo.com,47,2021-05-27,True
usr_0519,usuario_0519,usuario_0519@ejemplo.com,62,2022-08-17,True
usr_0520,usuario_0520,usuario_0520@ejemplo.com,40,2020-02-06,True
usr_0521,usuario_0521,usuario_0521@ejemplo.com,56,2023-01-23,False
usr_0522,usuario_0522,usuario_0522@ejemplo.com,45,2023-12-28,False
usr_0523,usuario_0523,usuario_0523@ejemplo.com,65,2023-06-25,True
usr_0524,usuario_0524,usuario_0524@ejemplo.com,56,2021-03-30,True
usr_0525,usuario_0525,usuario_0525@ejemplo.com,70,2025-03-26,True
usr_0526,usuario_0526,usuario_0526@ejemplo.com,24,2020-09-29,True
usr_0527,usuario_0527,usuario_0527@ejemplo.com,28,2023-04-26,True
usr_0528,usuario_0528,usuario_0528@ejemplo.com,75,2023-06-15,True
usr_0529,usuario_0529,usuario_0529@ejemplo.com,23,2021-06-24,True
usr_0530,usuario_0530,usuario_0530@ejemplo.com,38,2024-12-17,False
usr_0531,usuario_0531,usuario_0531@ejemplo.com,45,2022-07-12,True
usr_0532,usuario_0532,usuario_0532@ejemplo.com,44,2022-07-23,True
usr_0533,usuario_0533,usuario_0533@ejemplo.com,38,2022-07-02,True
usr_0534,usuario_0534,usuario_0534@ejemplo.com,18,2020-12-03,True
usr_0535,usuario_0535,usuario_0535@ejemplo.com,57,2024-07-05,True
usr_0536,usuario_0536,usuario_0536@ejemplo.com,26,2020-07-09,True
usr_0537,usuario_0537,usuario_0537@ejemplo.com,74,2025-03-10,True
usr_0538,usuario_0538,usuario_0538@ejemplo.com,48,2021-09-24,False
usr_0539,usuario_0539,usuario_0539@ejemplo.com,17,2021-04-10,False
usr_0540,usuario_0540,usuario_0540@ejemplo.com,27,2022-12-23,True
usr_0541,usuario_0541,usuario_0541@ejemplo.com,52,2024-08-20,False
usr_0542,usuario_0542,usuario_0542@ejemplo.com,60,2024-04-17,False
usr_0543,usuario_0543,usuario_0543@ejemplo.com,49,2024-08-31,True
usr_0544,usuario_0544,usuario_0544@ejemplo.com,26,2024-07-19,True
usr_0545,usuario_0545,usuario_0545@ejemplo.com,63,2024-03-12,True
usr_0546,usuario_0546,usuario_0546@ejemplo.com,44,2021-11-09,True
usr_0547,usuario_0547,usuario_0547@ejemplo.com,38,2023-09-20,True
usr_0548,usuario_0548,usuario_0548@ejemplo.com,43,2024-03-21,False
usr_0549,usuario_0549,usuario_0549@ejemplo.com,18,2024-12-08,False
usr_0550,usuario_0550,usuario_0550@ejemplo.com,51,2023-12-07,True
usr_0551,usuario_0551,usuario_0551@ejemplo.com,58,2023-04-22,True
usr_0552,usuario_0552,usuario_0552@ejemplo.com,48,2021-11-28,True
usr_0553,usuario_0553,usuario_0553@ejemplo.com,23,2023-08-14,True
usr_0554,usuario_0554,usuario_0554@ejemplo.com,24,2025-03-27,True
usr_0555,usuario_0555,usuario_0555@ejemplo.com,34,2022-04-14,True
usr_0556,usuario_0556,usuario_0556@ejemplo.com,69,2022-05-09,False
usr_0557,usuario_0557,usuario_0557@ejemplo.com,52,2025-04-30,True
usr_0558,usuario_0558,usuario_0558@ejemplo.com,41,2024-03-08,False
usr_0559,usuario_0559,usuario_0559@ejemplo.com,56,2022-07-15,True
usr_0560,usuario_0560,usuario_0560@ejemplo.com,48,2024-04-08,False
usr_0561,usuario_0561,usuario_0561@ejemplo.com,28,2024-01-09,False
usr_0562,usuario_0562,usuario_0562@ejemplo.com,62,2025-02-26,True
usr_0563,usuario_0563,usuario_0563@ejemplo.com,70,2021-04-05,True
usr_0564,usuario_0564,usuario_0564@ejemplo.com,54,2024-01-11,True
usr_0565,usuario_0565,usuario_0565@ejemplo.com,64,2023-07-29,True
usr_0566,usuario_0566,usuario_0566@ejemplo.com,65,2023-04-14,True
usr_0567,usuario_0567,usuario_0567@ejemplo.com,60,2020-05-12,True
usr_0568,usuario_0568,usuario_0568@ejemplo.com,60,2023-02-21,True
usr_0569,usuario_0569,usuario_0569@ejemplo.com,62,2022-06-16,True
usr_0570,usuario_0570,usuario_0570@ejemplo.com,29,2023-07-19,True
usr_0571,usuario_0571,usuario_0571@ejemplo.com,55,2020-04-15,True
usr_0572,usuario_0572,usuario_0572@ejemplo.com,54,2021-07-29,False
usr_0573,usuario_0573,usuario_0573@ejemplo.com,28,2022-10-09,False
usr_0574,usuario_0574,usuario_0574@ejemplo.com,51,2022-05-15,True
usr_0575,usuario_0575,usuario_0575@ejemplo.com,40,2023-10-13,True
usr_0576,usuario_0576,usuario_0576@ejemplo.com,47,2025-02-17,False
usr_0577,usuario_0577,usuario_0577@ejemplo.com,71,2024-08-28,True
usr_0578,usuario_0578,usuario_0578@ejemplo.com,33,2024-04-17,False
usr_0579,usuario_0579,usuario_0579@ejemplo.com,58,2022-08-09,True
usr_0580,usuario_0580,usuario_0580@ejemplo.com,60,2022-09-07,True
usr_0581,usuario_0581,usuario_0581@ejemplo.com,66,2024-11-06,True
usr_0582,usuario_0582,usuario_0582@ejemplo.com,16,2020-03-31,True
usr_0583,usuario_0583,usuario_0583@ejemplo.com,16,2024-06-03,True
usr_0584,usuario_0584,usuario_0584@ejemplo.com,21,2024-02-29,True
usr_0585,usuario_0585,usuario_0585@ejemplo.com,26,2022-10-30,False
usr_0586,usuario_0586,usuario_0586@ejemplo.com,57,2022-05-02,True
usr_0587,usuario_0587,usuario_0587@ejemplo.com,40,2021-01-08,True
usr_0588,usuario_0588,usuario_0588@ejemplo.com,20,2021-10-21,False
usr_0589,usuario_0589,usuario_0589@ejemplo.com,35,2023-04-15,True
usr_0590,usuario_0590,usuario_0590@ejemplo.com,21,2021-06-02,True
usr_0591,usuario_0591,usuario_0591@ejemplo.com,51,2023-12-03,False
usr_0592,usuario_0592,usuario_0592@ejemplo.com,43,2020-07-20,True
usr_0593,usuario_0593,usuario_0593@ejemplo.com,57,2022-11-13,True
usr_0594,usuario_0594,usuario_0594@ejemplo.com,15,2023-12-31,True
usr_0595,usuario_0595,usuario_0595@ejemplo.com,55,2025-04-09,True
usr_0596,usuario_0596,usuario_0596@ejemplo.com,47,2023-11-23,False
usr_0597,usuario_0597,usuario_0597@ejemplo.com,72,2021-01-10,True
usr_0598,usuario_0598,usuario_0598@ejemplo.com,25,2023-09-11,True
usr_0599,usuario_0599,usuario_0599@ejemplo.com,45,2024-10-22,True
usr_0600,usuario_0600,usuario_0600@ejemplo.com,71,2024-01-15,False
usr_0601,usuario_0601,usuario_0601@ejemplo.com,42,2021-12-16,True
usr_0602,usuario_0602,usuario_0602@ejemplo.com,54,2021-09-01,True
usr_0603,usuario_0603,usuario_0603@ejemplo.com,69,2020-04-01,True
usr_0604,usuario_0604,usuario_0604@ejemplo.com,22,2022-07-24,True
usr_0605,usuario_0605,usuario_0605@ejemplo.com,52,2022-08-09,True
usr_0606,usuario_0606,usuario_0606@ejemplo.com,62,2021-11-10,True
usr_0607,usuario_0607,usuario_0607@ejemplo.com,26,2023-08-29,True
usr_0608,usuario_0608,usuario_0608@ejemplo.com,70,2025-02-06,True
usr_0609,usuario_0609,usuario_0609@ejemplo.com,28,2024-04-03,True
usr_0610,usuario_0610,usuario_0610@ejemplo.com,35,2021-04-20,False
usr_0611,usuario_0611,usuario_0611@ejemplo.com,44,2022-02-03,False
usr_0612,usuario_0612,usuario_0612@ejemplo.com,58,2022-09-18,False
usr_0613,usuario_0613,usuario_0613@ejemplo.com,43,2021-03-11,True
usr_0614,usuario_0614,usuario_0614@ejemplo.com,72,2024-01-19,True
usr_0615,usuario_0615,usuario_0615@ejemplo.com,39,2024-06-24,True
usr_0616,usuario_0616,usuario_0616@ejemplo.com,49,2024-10-15,False
usr_0617,usuario_0617,usuario_0617@ejemplo.com,35,2020-04-08,True
usr_0618,usuario_0618,usuario_0618@ejemplo.com,57,2020-05-22,True
usr_0619,usuario_0619,usuario_0619@ejemplo.com,34,2023-12-22,False
usr_0620,usuario_0620,usuario_0620@ejemplo.com,53,2020-07-07,True
usr_0621,usuario_0621,usuario_0621@ejemplo.com,15,2022-08-21,False
usr_0622,usuario_0622,usuario_0622@ejemplo.com,19,2023-07-13,True
usr_0623,usuario_0623,usuario_0623@ejemplo.com,70,2022-11-10,True
usr_0624,usuario_0624,usuario_0624@ejemplo.com,65,2022-04-25,True
usr_0625,usuario_0625,usuario_0625@ejemplo.com,75,2023-09-14,True
usr_0626,usuario_0626,usuario_0626@ejemplo.com,45,2024-09-21,True
usr_0627,usuario_0627,usuario_0627@ejemplo.com,40,2022-03-15,False
usr_0628,usuario_0628,usuario_0628@ejemplo.com,53,2024-04-11,False
usr_0629,usuario_0629,usuario_0629@ejemplo.com,68,2023-10-01,True
usr_0630,usuario_0630,usuario_0630@ejemplo.com,45,2020-11-06,True
usr_0631,usuario_0631,usuario_0631@ejemplo.com,44,2020-09-02,True
usr_0632,usuario_0632,usuario_0632@ejemplo.com,33,2024-04-21,True
usr_0633,usuario_0633,usuario_0633@ejemplo.com,38,2022-03-09,False
usr_0634,usuario_0634,usuario_0634@ejemplo.com,47,2023-09-06,True
usr_0635,usuario_0635,usuario_0635@ejemplo.com,65,2024-02-14,True
usr_0636,usuario_0636,usuario_0636@ejemplo.com,28,2020-11-10,True
usr_0637,usuario_0637,usuario_0637@ejemplo.com,63,2021-02-07,False
usr_0638,usuario_0638,usuario_0638@ejemplo.com,74,2024-10-01,True
usr_0639,usuario_0639,usuario_0639@ejemplo.com,60,2020-10-22,True
usr_0640,usuario_0640,usuario_0640@ejemplo.com,35,2022-12-25,False
usr_0641,usuario_0641,usuario_0641@ejemplo.com,61,2024-02-16,False
usr_0642,usuario_0642,usuario_0642@ejemplo.com,46,2021-02-27,True
usr_0643,usuario_0643,usuario_0643@ejemplo.com,61,2020-01-22,False
usr_0644,usuario_0644,usuario_0644@ejemplo.com,50,2024-04-03,True
usr_0645,usuario_0645,usuario_0645@ejemplo.com,62,2020-04-23,False
usr_0646,usuario_0646,usuario_0646@ejemplo.com,26,2022-12-06,True
usr_0647,usuario_0647,usuario_0647@ejemplo.com,56,2023-05-04,True
usr_0648,usuario_0648,usuario_0648@ejemplo.com,66,2022-08-02,False
usr_0649,usuario_0649,usuario_0649@ejemplo.com,32,2025-04-24,False
usr_0650,usuario_0650,usuario_0650@ejemplo.com,62,2023-10-21,True
usr_0651,usuario_0651,usuario_0651@ejemplo.com,26,2023-10-24,False
usr_0652,usuario_0652,usuario_0652@ejemplo.com,20,2021-06-17,True
usr_0653,usuario_0653,usuario_0653@ejemplo.com,57,2022-04-09,True
usr_0654,usuario_0654,usuario_0654@ejemplo.com,21,2024-04-27,False
usr_0655,usuario_0655,usuario_0655@ejemplo.com,26,2024-10-28,False
usr_0656,usuario_0656,usuario_0656@ejemplo.com,36,2022-03-18,True
usr_0657,usuario_0657,usuario_0657@ejemplo.com,31,2021-04-01,True
usr_0658,usuario_0658,usuario_0658@ejemplo.com,52,2021-10-14,True
usr_0659,usuario_0659,usuario_0659@ejemplo.com,55,2023-05-24,True
usr_0660,usuario_0660,usuario_0660@ejemplo.com,40,2024-12-25,False
usr_0661,usuario_0661,usuario_0661@ejemplo.com,28,2020-02-03,True
usr_0662,usuario_0662,usuario_0662@ejemplo.com,56,2022-03-17,True
usr_0663,usuario_0663,usuario_0663@ejemplo.com,39,2020-10-24,True
usr_0664,usuario_0664,usuario_0664@ejemplo.com,65,2020-04-20,True
usr_0665,usuario_0665,usuario_0665@ejemplo.com,58,2020-06-07,False
usr_0666,usuario_0666,usuario_0666@ejemplo.com,31,2020-04-25,False
usr_0667,usuario_0667,usuario_0667@ejemplo.com,47,2022-08-04,True
usr_0668,usuario_0668,usuario_0668@ejemplo.com,70,2021-09-07,True
usr_0669,usuario_0669,usuario_0669@ejemplo.com,20,2021-02-22,True
usr_0670,usuario_0670,usuario_0670@ejemplo.com,63,2024-11-03,True
usr_0671,usuario_0671,usuario_0671@ejemplo.com,70,2025-03-24,False
usr_0672,usuario_0672,usuario_0672@ejemplo.com,62,2023-07-17,True
usr_0673,usuario_0673,usuario_0673@ejemplo.com,53,2022-05-01,True
usr_0674,usuario_0674,usuario_0674@ejemplo.com,74,2020-11-23,False
usr_0675,usuario_0675,usuario_0675@ejemplo.com,74,2023-07-11,True
usr_0676,usuario_0676,usuario_0676@ejemplo.com,63,2024-06-30,True
usr_0677,usuario_0677,usuario_0677@ejemplo.com,52,2024-03-14,False
usr_0678,usuario_0678,usuario_0678@ejemplo.com,43,2022-08-01,False
usr_0679,usuario_0679,usuario_0679@ejemplo.com,59,2020-05-05,True
usr_0680,usuario_0680,usuario_0680@ejemplo.com,38,2021-09-02,True
usr_0681,usuario_0681,usuario_0681@ejemplo.com,45,2020-07-01,True
usr_0682,usuario_0682,usuario_0682@ejemplo.com,59,2023-04-18,False
usr_0683,usuario_0683,usuario_0683@ejemplo.com,53,2024-04-16,True
usr_0684,usuario_0684,usuario_0684@ejemplo.com,35,2021-08-21,True
usr_0685,usuario_0685,usuario_0685@ejemplo.com,67,2025-04-10,False
usr_0686,usuario_0686,usuario_0686@ejemplo.com,15,2020-04-11,True
usr_0687,usuario_0687,usuario_0687@ejemplo.com,51,2021-05-21,True
usr_0688,usuario_0688,usuario_0688@ejemplo.com,64,2023-11-25,True
usr_0689,usuario_0689,usuario_0689@ejemplo.com,28,2020-09-20,False
usr_0690,usuario_0690,usuario_0690@ejemplo.com,47,2023-03-17,True
usr_0691,usuario_0691,usuario_0691@ejemplo.com,45,2024-07-27,True
usr_0692,usuario_0692,usuario_0692@ejemplo.com,41,2020-02-10,True
usr_0693,usuario_0693,usuario_0693@ejemplo.com,19,2021-05-26,False
usr_0694,usuario_0694,usuario_0694@ejemplo.com,63,2023-01-21,True
usr_0695,usuario_0695,usuario_0695@ejemplo.com,19,2022-01-06,False
usr_0696,usuario_0696,usuario_0696@ejemplo.com,45,2020-06-20,True
usr_0697,usuario_0697,usuario_0697@ejemplo.com,62,2023-05-29,True
usr_0698,usuario_0698,usuario_0698@ejemplo.com,48,2021-06-28,True
usr_0699,usuario_0699,usuario_0699@ejemplo.com,59,2023-07-04,True
usr_0700,usuario_0700,usuario_0700@ejemplo.com,19,2024-01-19,True
usr_0701,usuario_0701,usuario_0701@ejemplo.com,65,2022-04-27,True
usr_0702,usuario_0702,usuario_0702@ejemplo.com,45,2022-06-11,True
usr_0703,usuario_0703,usuario_0703@ejemplo.com,36,2023-02-16,True
usr_0704,usuario_0704,usuario_0704@ejemplo.com,24,2021-03-26,True
usr_0705,usuario_0705,usuario_0705@ejemplo.com,38,2024-12-13,True
usr_0706,usuario_0706,usuario_0706@ejemplo.com,59,2023-01-24,True
usr_0707,usuario_0707,usuario_0707@ejemplo.com,50,2022-10-01,True
usr_0708,usuario_0708,usuario_0708@ejemplo.com,70,2025-01-13,False
usr_0709,usuario_0709,usuario_0709@ejemplo.com,27,2020-01-12,True
usr_0710,usuario_0710,usuario_0710@ejemplo.com,64,2020-10-29,True
usr_0711,usuario_0711,usuario_0711@ejemplo.com,53,2025-03-16,True
usr_0712,usuario_0712,usuario_0712@ejemplo.com,66,2021-04-27,True
usr_0713,usuario_0713,usuario_0713@ejemplo.com,75,2020-10-21,False
usr_0714,usuario_0714,usuario_0714@ejemplo.com,48,2023-06-08,False
usr_0715,usuario_0715,usuario_0715@ejemplo.com,21,2022-02-06,True
usr_0716,usuario_0716,usuario_0716@ejemplo.com,37,2024-07-02,False
usr_0717,usuario_0717,usuario_0717@ejemplo.com,34,2022-09-19,True
usr_0718,usuario_0718,usuario_0718@ejemplo.com,41,2022-12-13,True
usr_0719,usuario_0719,usuario_0719@ejemplo.com,69,2024-02-19,False
usr_0720,usuario_0720,usuario_0720@ejemplo.com,32,2022-04-24,True
usr_0721,usuario_0721,usuario_0721@ejemplo.com,58,2022-01-07,True
usr_0722,usuario_0722,usuario_0722@ejemplo.com,17,2022-07-20,True
usr_0723,usuario_0723,usuario_0723@ejemplo.com,72,2022-11-30,True
usr_0724,usuario_0724,usuario_0724@ejemplo.com,21,2024-04-01,True
usr_0725,usuario_0725,usuario_0725@ejemplo.com,74,2020-09-08,True
usr_0726,usuario_0726,usuario_0726@ejemplo.com,61,2023-11-02,True
usr_0727,usuario_0727,usuario_0727@ejemplo.com,48,2023-01-23,True
usr_0728,usuario_0728,usuario_0728@ejemplo.com,74,2023-01-10,False
usr_0729,usuario_0729,usuario_0729@ejemplo.com,35,2022-04-05,True
usr_0730,usuario_0730,usuario_0730@ejemplo.com,67,2025-03-31,True
usr_0731,usuario_0731,usuario_0731@ejemplo.com,63,2020-02-22,True
usr_0732,usuario_0732,usuario_0732@ejemplo.com,49,2020-08-15,True
usr_0733,usuario_0733,usuario_0733@ejemplo.com,35,2022-12-20,True
usr_0734,usuario_0734,usuario_0734@ejemplo.com,21,2020-01-04,False
usr_0735,usuario_0735,usuario_0735@ejemplo.com,46,2023-05-02,False
usr_0736,usuario_0736,usuario_0736@ejemplo.com,66,2021-06-16,True
usr_0737,usuario_0737,usuario_0737@ejemplo.com,46,2022-06-10,True
usr_0738,usuario_0738,usuario_0738@ejemplo.com,52,2021-03-10,False
usr_0739,usuario_0739,usuario_0739@ejemplo.com,49,2024-07-19,False
usr_0740,usuario_0740,usuario_0740@ejemplo.com,39,2021-02-01,False
usr_0741,usuario_0741,usuario_0741@ejemplo.com,65,2023-07-22,True
usr_0742,usuario_0742,usuario_0742@ejemplo.com,39,2024-04-11,True
usr_0743,usuario_0743,usuario_0743@ejemplo.com,30,2025-03-31,True
usr_0744,usuario_0744,usuario_0744@ejemplo.com,29,2021-09-07,False
usr_0745,usuario_0745,usuario_0745@ejemplo.com,43,2021-07-20,False
usr_0746,usuario_0746,usuario_0746@ejemplo.com,29,2021-02-10,False
usr_0747,usuario_0747,usuario_0747@ejemplo.com,51,2025-01-05,True
usr_0748,usuario_0748,usuario_0748@ejemplo.com,24,2024-06-12,False
usr_0749,usuario_0749,usuario_0749@ejemplo.com,73,2025-01-01,True
usr_0750,usuario_0750,usuario_0750@ejemplo.com,47,2020-08-22,True
usr_0751,usuario_0751,usuario_0751@ejemplo.com,37,2020-01-02,True
usr_0752,usuario_0752,usuario_0752@ejemplo.com,28,2022-09-20,True
usr_0753,usuario_0753,usuario_0753@ejemplo.com,28,2023-01-30,False
usr_0754,usuario_0754,usuario_0754@ejemplo.com,30,2021-08-13,True
usr_0755,usuario_0755,usuario_0755@ejemplo.com,18,2021-10-23,True
usr_0756,usuario_0756,usuario_0756@ejemplo.com,22,2023-05-14,True
usr_0757,usuario_0757,usuario_0757@ejemplo.com,15,2021-10-16,True
usr_0758,usuario_0758,usuario_0758@ejemplo.com,31,2022-08-27,True
usr_0759,usuario_0759,usuario_0759@ejemplo.com,63,2022-05-03,True
usr_0760,usuario_0760,usuario_0760@ejemplo.com,54,2022-09-06,False
usr_0761,usuario_0761,usuario_0761@ejemplo.com,25,2023-05-03,True
usr_0762,usuario_0762,usuario_0762@ejemplo.com,32,2021-12-28,False
usr_0763,usuario_0763,usuario_0763@ejemplo.com,43,2021-04-28,False
usr_0764,usuario_0764,usuario_0764@ejemplo.com,39,2020-02-02,True
usr_0765,usuario_0765,usuario_0765@ejemplo.com,52,2020-08-23,True
usr_0766,usuario_0766,usuario_0766@ejemplo.com,43,2024-03-18,True
usr_0767,usuario_0767,usuario_0767@ejemplo.com,46,2024-01-15,True
usr_0768,usuario_0768,usuario_0768@ejemplo.com,39,2022-06-11,True
usr_0769,usuario_0769,usuario_0769@ejemplo.com,28,2023-06-11,False
usr_0770,usuario_0770,usuario_0770@ejemplo.com,56,2022-12-18,True
usr_0771,usuario_0771,usuario_0771@ejemplo.com,48,2022-07-11,True
usr_0772,usuario_0772,usuario_0772@ejemplo.com,47,2024-03-10,True
usr_0773,usuario_0773,usuario_0773@ejemplo.com,72,2023-09-02,True
usr_0774,usuario_0774,usuario_0774@ejemplo.com,43,2020-08-26,True
usr_0775,usuario_0775,usuario_0775@ejemplo.com,22,2024-06-25,True
usr_0776,usuario_0776,usuario_0776@ejemplo.com,31,2021-06-24,False
usr_0777,usuario_0777,usuario_0777@ejemplo.com,19,2025-02-24,False
usr_0778,usuario_0778,usuario_0778@ejemplo.com,30,2024-09-25,True
usr_0779,usuario_0779,usuario_0779@ejemplo.com,26,2021-11-25,False
usr_0780,usuario_0780,usuario_0780@ejemplo.com,31,2022-09-04,False
usr_0781,usuario_0781,usuario_0781@ejemplo.com,45,2021-07-22,True
usr_0782,usuario_0782,usuario_0782@ejemplo.com,43,2023-08-04,True
usr_0783,usuario_0783,usuario_0783@ejemplo.com,20,2020-10-17,True
usr_0784,usuario_0784,usuario_0784@ejemplo.com,47,2021-07-15,False
usr_0785,usuario_0785,usuario_0785@ejemplo.com,43,2022-01-26,False
usr_0786,usuario_0786,usuario_0786@ejemplo.com,72,2024-07-26,True
usr_0787,usuario_0787,usuario_0787@ejemplo.com,65,2024-10-21,True
usr_0788,usuario_0788,usuario_0788@ejemplo.com,74,2023-01-27,False
usr_0789,usuario_0789,usuario_0789@ejemplo.com,36,2022-02-03,False
usr_0790,usuario_0790,usuario_0790@ejemplo.com,52,2024-11-17,True
usr_0791,usuario_0791,usuario_0791@ejemplo.com,23,2024-02-05,True
usr_0792,usuario_0792,usuario_0792@ejemplo.com,67,2023-05-02,True
usr_0793,usuario_0793,usuario_0793@ejemplo.com,55,2024-05-14,True
usr_0794,usuario_0794,usuario_0794@ejemplo.com,73,2020-05-02,True
usr_0795,usuario_0795,usuario_0795@ejemplo.com,52,2020-01-26,True
usr_0796,usuario_0796,usuario_0796@ejemplo.com,33,2021-12-19,True
usr_0797,usuario_0797,usuario_0797@ejemplo.com,43,2021-04-16,False
usr_0798,usuario_0798,usuario_0798@ejemplo.com,35,2023-02-01,True
usr_0799,usuario_0799,usuario_0799@ejemplo.com,33,2020-03-07,True
usr_0800,usuario_0800,usuario_0800@ejemplo.com,61,2023-03-07,True
